Nro Usuario HR,Nro Usuario HPH,Nombre y Apellido,Mensajes,Galeones,ATK,DEF,Casa,Vida,Año,Bando,Raza,Sexo,Miembro,Edad,Empleo OnRol,Empleo OffRol,Orientación Sexual,Patronus,Habilidades,Sangre,Avatar,Directorio,Activo,,Link HR,LINK HPH
u3083,72,A. Hyde Lestrange,,,,,Ravenclaw,Adulto,A,Neutral,Vampiro,Hombre,-,100,Vicedirector/ Profesor de Transformaciones,Jefe de Ravenclaw,Bisexual,Thunderbird,-,Pura,https://i.imgur.com/lGu07E4.png,Si,Si,,"<a href=""https://www.hogwartsrol.com/u3083"">","<a href=""https://harrypotterhead.com/foro/index.php?action=profile;u=72"">"
u3426,127,A. Caelus Iacovone,,,,,,,,,,,,,,,,,,,,,Si,,"<a href=""https://www.hogwartsrol.com/u3426"">","<a href=""https://harrypotterhead.com/foro/index.php?action=profile;u=127"">"
u2593,45,Achilles C. Feehily,,,,,Gryffindor,Estudiante,6,Auror,Sirena,Hombre,Auror,16,Capitán de Gryffindor / A. Auror,-,Bisexual,Castor,-,Pura,https://i.imgur.com/kJ314uk.png,Si,Si,,"<a href=""https://www.hogwartsrol.com/u2593"">","<a href=""https://harrypotterhead.com/foro/index.php?action=profile;u=45"">"
u1691,52,Adèle H. V. Gaunt,,,,,Hufflepuff,Estudiante,7,Mortífago,Veela,Mujer,Mortífago,17,A. Mortífago / A. Academia,-,Bisexual,Dragón Colacuerno Húngaro,Parsel,Pura,https://i.imgur.com/ltSMCpT.png,Si,Si,,"<a href=""https://www.hogwartsrol.com/u1691"">","<a href=""https://harrypotterhead.com/foro/index.php?action=profile;u=52"">"
u74,150,Adrianne Anderson,,,,,Ravenclaw,Adulto,A,Neutral,Humano,Mujer,-,40,-,-,Heterosexual,Cisne Negro,-,Pura,https://i.imgur.com/snNaNQc.jpg,Si,Si,,"<a href=""https://www.hogwartsrol.com/u74"">","<a href=""https://harrypotterhead.com/foro/index.php?action=profile;u=150"">"
u3097,117,Aegis S. D. Lestrange,,,,,Hufflepuff,Adulto,A,Neutral,Vampiro,Hombre,-,103,Enfermero Hogwarts,,Bisexual,Corgi Galés de Pembroke,-,Pura,https://i.imgur.com/48s9vcb.png,Si,,,"<a href=""https://www.hogwartsrol.com/u3097"">","<a href=""https://harrypotterhead.com/foro/index.php?action=profile;u=117"">"
u2789,112,Aiden Ward,,,,,Hufflepuff,Estudiante,6,Neutral,Humano,Hombre,-,17,Golpeador Hufflepuff,Tecnomago Programador / Moderador Camara Expedicion,Heterosexual,Cuervo de Alaska,-,Pura,https://i.imgur.com/bwDWcaD.png,Si,,,"<a href=""https://www.hogwartsrol.com/u2789"">","<a href=""https://harrypotterhead.com/foro/index.php?action=profile;u=112"">"
u2510,71,Alan S. Feehily,,,,,Gryffindor,Estudiante,6,Neutral,Híbrido Ve+S,Hombre,Auror,17,Golpeador Gryffindor / A. Auror,-,Bisexual,León marino,-,Mestiza,https://i.imgur.com/edOcdFY.png,Si,,,"<a href=""https://www.hogwartsrol.com/u2510"">","<a href=""https://harrypotterhead.com/foro/index.php?action=profile;u=71"">"
u71,175,Albus S. Potter,,,,,Slytherin,Adulto,A,Auror,Humano,Hombre,-,45,-,-,Heterosexual,León,-,Pura,https://i.imgur.com/FYTKwS8.jpg,Si,,,"<a href=""https://www.hogwartsrol.com/u71"">","<a href=""https://harrypotterhead.com/foro/index.php?action=profile;u=175"">"
u2165,92,Aleksandr I. Romanov,,,,,Hufflepuff,Estudiante,7,Neutral,Vampiro,Hombre,-,17,Prefecto Hufflepuff / A. Uso Incorrecto de la Magia,-,Indefinido,Pigargo Gigante,-,Pura,https://i.imgur.com/96bBS1G.png,Si,,,"<a href=""https://www.hogwartsrol.com/u2165"">","<a href=""https://harrypotterhead.com/foro/index.php?action=profile;u=92"">"
u1079,145,Alessandro Cabane,,,,,Extranjero,Adulto,A,Neutral,Híbrdo Si+H,Hombre,-,45,Enfermero Hogwarts,-,Pansexual,Tiburón Blanco,Legeremancia,Pura,https://i.imgur.com/Ov7lZgL.png,Si,,,"<a href=""https://www.hogwartsrol.com/u1079"">","<a href=""https://harrypotterhead.com/foro/index.php?action=profile;u=145"">"
u2100,13,Alex Selwyn,,,,,Gryffindor,Adulto,A,Auror,Humano,Hombre,Auror,25,Sanador / T. Global Star Entertainment,-,Bisexual,Águila blanca,-,Pura,https://i.imgur.com/PkfxKbp.png,Si,,,"<a href=""https://www.hogwartsrol.com/u2100"">","<a href=""https://harrypotterhead.com/foro/index.php?action=profile;u=13"">"
u3191,143,Alexandra Cabane,,,,,Hufflepuff,Estudiante,1,Neutral,Semigigante,Mujer,-,11,Cazadora Hufflepuff,-,Asexual,Bisonte Americano,-,Pura,https://i.imgur.com/vXrgM7k.png,Si,,,"<a href=""https://www.hogwartsrol.com/u3191"">","<a href=""https://harrypotterhead.com/foro/index.php?action=profile;u=143"">"
u445,138,Alexei Anderson,,,,,Gryffindor,Adulto,A,Neutral,Humano,Hombre,-,42,-,-,Heterosexual,Leopardo Amur,-,Mestiza,https://i.imgur.com/3kDJa9d.png,Si,,,"<a href=""https://www.hogwartsrol.com/u445"">","<a href=""https://harrypotterhead.com/foro/index.php?action=profile;u=138"">"
u3384,128,Alice Lovehearth,,,,,Hufflepuff,Estudiante,1,Neutral,Humano,Mujer,-,11,-,-,Bisexual,Lebrílope,-,Pura,https://i.imgur.com/AJfoycU.png,Si,,,"<a href=""https://www.hogwartsrol.com/u3384"">","<a href=""https://harrypotterhead.com/foro/index.php?action=profile;u=128"">"
u3461,146,Allen Österhagen,,,,,,,,,,,,,,,,,,,,,Si,,"<a href=""https://www.hogwartsrol.com/u3461"">","<a href=""https://harrypotterhead.com/foro/index.php?action=profile;u=146"">"
u3353,115,Alya Rosier,,,,,,,,,,,,,,,,,,,,,,,"<a href=""https://www.hogwartsrol.com/u3353"">","<a href=""https://harrypotterhead.com/foro/index.php?action=profile;u=115"">"
u1163,176,Amarie,,,,,-,-,-,-,Deidad,-,-,∞,-,-,-,-,-,-,https://i.imgur.com/eTftTB8.jpg,Si,,,"<a href=""https://www.hogwartsrol.com/u1163"">","<a href=""https://harrypotterhead.com/foro/index.php?action=profile;u=176"">"
u2500,110,Amelie Lacourt,,,,,Hufflepuff,Adulto,A,Auror,Vampiro,Mujer,-,113,Profesor Estudios Muggles / Profesional DRCM,-,Heterosexual,Jaguar,-,Pura,https://i.imgur.com/oJHJglG.png,Si,,,"<a href=""https://www.hogwartsrol.com/u2500"">","<a href=""https://harrypotterhead.com/foro/index.php?action=profile;u=110"">"
u3157,6,Amelie Rosier,,,,,Slytherin,Estudiante,7,Neutral,Humano,Mujer,-,18,A. de Sanador / A. de DCAO,Moderador de Gobstons,Bisexual,Serpiente Cobra Real,-,Pura,https://i.imgur.com/6yQ1xOr.png,Si,,,"<a href=""https://www.hogwartsrol.com/u3157"">","<a href=""https://harrypotterhead.com/foro/index.php?action=profile;u=6"">"
u1165,177,Amynus,,,,,-,-,-,-,Deidad,-,-,∞,-,-,-,-,-,-,https://i.imgur.com/OrVLous.jpg,Si,,,"<a href=""https://www.hogwartsrol.com/u1165"">","<a href=""https://harrypotterhead.com/foro/index.php?action=profile;u=177"">"
u2812,96,Archie Smith,,,,,Ravenclaw,Estudiante,6,Neutral,Humano,Hombre,-,16,A. de Pociones / Ayudante F&B,-,Bisexual,Delfín austral,-,Pura,https://i.imgur.com/D6bfx8W.png,Si,,,"<a href=""https://www.hogwartsrol.com/u2812"">","<a href=""https://harrypotterhead.com/foro/index.php?action=profile;u=96"">"
u3400,98,Ardan Richetti,,,,,,,,,,,,,,,,,,,,,,,"<a href=""https://www.hogwartsrol.com/u3400"">","<a href=""https://harrypotterhead.com/foro/index.php?action=profile;u=98"">"
u2793,84,Ariadna Katsaros,,,,,Slytherin,Estudiante,6,Neutral,Humano,Mujer,-,15,Ayudante de Fleur,-,Homosexual,Fwooper,-,Pura,https://i.imgur.com/MvRRlKR.png,Si,,,"<a href=""https://www.hogwartsrol.com/u2793"">","<a href=""https://harrypotterhead.com/foro/index.php?action=profile;u=84"">"
u3022,113,Arikel McDowell,,,,,Slytherin,Estudiante,5,Neutral,Sirena,Mujer,-,15,Cazador Slytherin / Ayudante de Fleur,-,Bisexual,Delfín,Premonición,Pura,https://i.imgur.com/mF9jEpI.png,Si,,,"<a href=""https://www.hogwartsrol.com/u3022"">","<a href=""https://harrypotterhead.com/foro/index.php?action=profile;u=113"">"
u134,99,Arthur Beckett,,,,,Hufflepuff,Adulto,A,Auror,Humano,Hombre,-,32,-,-,Heterosexual,Gato de Patas Negras,-,Pura,https://i.imgur.com/gyrhSso.jpg,Si,,,"<a href=""https://www.hogwartsrol.com/u134"">","<a href=""https://harrypotterhead.com/foro/index.php?action=profile;u=99"">"
u3049,40,Arthur Wright,,,,,Hufflepuff,Estudiante,6,Neutral,Humano,Hombre,-,18,-,-,Heterosexual,Ave Lira Soberbia,-,Pura,https://i.imgur.com/2siBNCM.png,Si,,,"<a href=""https://www.hogwartsrol.com/u3049"">","<a href=""https://harrypotterhead.com/foro/index.php?action=profile;u=40"">"
u1164,178,Basthian,,,,,-,-,-,-,Deidad,-,-,∞,-,-,-,-,-,-,https://i.imgur.com/oXDMIIl.jpg,Si,,,"<a href=""https://www.hogwartsrol.com/u1164"">","<a href=""https://harrypotterhead.com/foro/index.php?action=profile;u=178"">"
u931,90,Bastian E. Weasley,,,,,Slytherin,Adulto,A,Neutral,Veela,Hombre,-,27,Wizengamot,-,Bisexual,Gato Dorado Asiatico,-,Mestiza,https://i.imgur.com/HXlgc2v.jpg,Si,,,"<a href=""https://www.hogwartsrol.com/u931"">","<a href=""https://harrypotterhead.com/foro/index.php?action=profile;u=90"">"
u3396,104,Bythos Slughorn,,,,,Hufflepuff,Estudiante,7,Neutral,Vampiro,Hombre,-,17,-,-,Bisexual,Granian,-,Pura,https://i.imgur.com/jxjrH98.png,Si,,,"<a href=""https://www.hogwartsrol.com/u3396"">","<a href=""https://harrypotterhead.com/foro/index.php?action=profile;u=104"">"
u3312,166,Cadmus T. Windhunter,,,,,,,,,,,,,,,,,,,,,Si,,"<a href=""https://www.hogwartsrol.com/u3312"">","<a href=""https://harrypotterhead.com/foro/index.php?action=profile;u=166"">"
u1343,136,Caius Black,,,,,Slytherin,Adulto,A,Mortífago,Humano,Hombre,Mortífago,33,Profesional Uso Incorrecto de la Magia / Miembro Wizengamot (PMA),-,Homosexual,Narval,-,Pura,https://i.imgur.com/WwO96kM.jpg,Si,,,"<a href=""https://www.hogwartsrol.com/u1343"">","<a href=""https://harrypotterhead.com/foro/index.php?action=profile;u=136"">"
u35,11,Catherine Báthory,,,,,,,,,,,,,,,,,,,,,,,"<a href=""https://www.hogwartsrol.com/u35"">","<a href=""https://harrypotterhead.com/foro/index.php?action=profile;u=11"">"
u3447,137,Charles Wiggin,,,,,Hufflepuff,Estudiante,,,,,,,,,,,,,,,Si,,"<a href=""https://www.hogwartsrol.com/u3447"">","<a href=""https://harrypotterhead.com/foro/index.php?action=profile;u=137"">"
u11,95,Charlotte Beckett,,,,,Hufflepuff,Adulto,A,Mortífago,Humano,Mujer,Mortífago,40,-,Locutor de FM,Heterosexual,Pantera Negra,Legeremancia,Pura,https://i.imgur.com/C40is9U.jpg,Si,,,"<a href=""https://www.hogwartsrol.com/u11"">","<a href=""https://harrypotterhead.com/foro/index.php?action=profile;u=95"">"
u3395,12,Cheryl Edgewood,,,,,Hufflepuff,Adulto,A,-,Humano,Mujer,,25,Trabajador de Honeydukes,-,Bisexual,Esfinge,-,Pura,https://i.imgur.com/qAhE9ym.png,Si,,,"<a href=""https://www.hogwartsrol.com/u3395"">","<a href=""https://harrypotterhead.com/foro/index.php?action=profile;u=12"">"
u917,170,Chuck Graham,,,,,Gryffindor,Adulto,A,Neutral,Veela,Hombre,-,30,-,-,Bisexual,Rinoceronte,-,Pura,https://i.imgur.com/6vupqx3.png,Si,,,"<a href=""https://www.hogwartsrol.com/u917"">","<a href=""https://harrypotterhead.com/foro/index.php?action=profile;u=170"">"
u3035,78,Clementine Flint,,,,,Ravenclaw,Estudiante,1,Neutral,Veela,Mujer,-,11,Golpeador Ravenclaw,-,Heterosexual,Pájaro Secretario,-,Pura,https://i.imgur.com/4KvJRwP.png,Si,,,"<a href=""https://www.hogwartsrol.com/u3035"">","<a href=""https://harrypotterhead.com/foro/index.php?action=profile;u=78"">"
u2750,82,Cormac O'Donovan,,,,,Hufflepuff,Adulto,A,Neutral,Humano,Hombre,Auror,33,Trabajador del Nox,-,Bisexual,Mariposa de Cristal,Espiritismo,Pura,https://i.imgur.com/sQo5azG.png,Si,,,"<a href=""https://www.hogwartsrol.com/u2750"">","<a href=""https://harrypotterhead.com/foro/index.php?action=profile;u=82"">"
u1621,20,Darius Bozeman,,,,,Slytherin,Adulto,A,Mortífago,Humano,Hombre,Mortífago,33,Profesor de DCAO / Mortífago / Dueño del Paw Pium Pium,Mod Discord / Mod Misiones,Heterosexual,Lobo Rojo,-,Pura,https://i.imgur.com/1PAoIoW.png,Si,,,"<a href=""https://www.hogwartsrol.com/u1621"">","<a href=""https://harrypotterhead.com/foro/index.php?action=profile;u=20"">"
u2514,37,Darius Steward,,,,,Hufflepuff,Adulto,A,Neutral,Humano,Hombre,-,26,Inefable / Profesinal DRCM,Mod.  Rituales,Bisexual,Snallygaster,Parsel,Mestiza,https://i.imgur.com/nQwpTUv.png,Si,,,"<a href=""https://www.hogwartsrol.com/u2514"">","<a href=""https://harrypotterhead.com/foro/index.php?action=profile;u=37"">"
u3132,126,Darya Bleer,,,,,Slytherin,Estudiante,5,Neutral,Sirena,Mujer,-,15,-,-,Bisexual,Serpiente Oxyuranus,-,Pura,https://i.imgur.com/cEJ9jzV.png,Si,,,"<a href=""https://www.hogwartsrol.com/u3132"">","<a href=""https://harrypotterhead.com/foro/index.php?action=profile;u=126"">"
u803,144,David Lyon,,,,,Ravenclaw,Adulto,A,Neutral,Licántropo,Hombre,-,28,T. Bathory’s Star Sky / Sanador,-,Heterosexual,Pájaro Paradisaeidae/Ave del paraíso,-,Pura,https://i.imgur.com/7AWcY8A.png,Si,,,"<a href=""https://www.hogwartsrol.com/u803"">","<a href=""https://harrypotterhead.com/foro/index.php?action=profile;u=144"">"
u3183,61,Deimos H. Windhunter,,,,,Ravenclaw,Estudiante,1,Neutral,Vampiro,Hombre,-,11,Reserva Ravenclaw ,-,Demisexual,Teporingo,-,Pura,https://i.imgur.com/bAjtvcc.png,Si,,,"<a href=""https://www.hogwartsrol.com/u3183"">","<a href=""https://harrypotterhead.com/foro/index.php?action=profile;u=61"">"
u32,179,Delphini Riddle,,,,,Slytherin,Adulto,A,Mortífago,Humano,Mujer,-,52,-,-,Heterosexual,Augurey,-,Pura,https://i.imgur.com/LZn4aRu.jpg,Si,,,"<a href=""https://www.hogwartsrol.com/u32"">","<a href=""https://harrypotterhead.com/foro/index.php?action=profile;u=179"">"
u811,64,Derek Andreani,,,,,Slytherin,Adulto,A,Neutral,Humano,Hombre,-,34,Dueño del Luxxuria,-,Bisexual,Zorro de Darwin,-,Pura,https://i.imgur.com/GdOkWTC.png,Si,,,"<a href=""https://www.hogwartsrol.com/u811"">","<a href=""https://harrypotterhead.com/foro/index.php?action=profile;u=64"">"
u1166,180,Dimitry,,,,,-,-,-,Neutral,Deidad,-,-,∞,-,-,Asexual,-,-,-,https://i.imgur.com/oETuGKo.jpg,Si,,,"<a href=""https://www.hogwartsrol.com/u1166"">","<a href=""https://harrypotterhead.com/foro/index.php?action=profile;u=180"">"
u2357,75,Dorothy Fisher,,,,,Hufflepuff,Estudiante,7,Neutral,Humano,Mujer,-,17,Capitan Golpeador Hufflepuff / Prefecta Huffle,Arbitro Quidditch,Heterosexual,Chinchilla,-,Impura,https://i.imgur.com/OZ2Xk9k.png,Si,,,"<a href=""https://www.hogwartsrol.com/u2357"">","<a href=""https://harrypotterhead.com/foro/index.php?action=profile;u=75"">"
u2,8,Duban Black,,,,,Gryffindor,Adulto,A,Auror,Humano,Hombre,Auror,29,Auror,Staff,Bisexual,Caballo Haflinger,Metamorfomagia,Pura,https://i.imgur.com/PuaLzqC.jpg,Si,,,"<a href=""https://www.hogwartsrol.com/u2"">","<a href=""https://harrypotterhead.com/foro/index.php?action=profile;u=8"">"
u3325,87,E. Skylar Lestrange,,,,,Ravenclaw,Estudiante,7,Neutral,Humano,Hombre,,18,Jugador de Ravenclaw,-,Homosexual,Thestral,-,Pura,https://i.imgur.com/3v2l42l.png,Si,,,"<a href=""https://www.hogwartsrol.com/u3325"">","<a href=""https://harrypotterhead.com/foro/index.php?action=profile;u=87"">"
u226,35,Éferon Cabane,,,,,Gryffindor,Adulto,A,Neutral,Humano,Hombre,,27,Enfermero Hogwarts / Profesor Pociones,Lider Moderacion / Jefe de Gryffindor,Homosexual,Lince,-,Impura,https://i.imgur.com/HGVSC9N.jpg,Si,,,"<a href=""https://www.hogwartsrol.com/u226"">","<a href=""https://harrypotterhead.com/foro/index.php?action=profile;u=35"">"
u1227,30,Eileen Maskelyne,,,,,,,,,,,,,,,,,,,,,Si,,"<a href=""https://www.hogwartsrol.com/u1227"">","<a href=""https://harrypotterhead.com/foro/index.php?action=profile;u=30"">"
u3004,187,Elizabeth C. Sayre,,,,,,,,,,,,,,,,,,,,,No,,"<a href=""https://www.hogwartsrol.com/u3004"">","<a href=""https://harrypotterhead.com/foro/index.php?action=profile;u=187"">"
u3444,107,Elián Idriswenjellu,,,,,,,,,,,,,,,,,,,,,Si,,"<a href=""https://www.hogwartsrol.com/u3444"">","<a href=""https://harrypotterhead.com/foro/index.php?action=profile;u=107"">"
u2712,50,Eloise G. Wood's,,,,,Slytherin,Estudiante,7,Mortífago,Veela,Mujer,Mortífago,17,A. Mortífago / A. Academia,-,Bisexual,Dragón Bola de Fuego Chino,-,Pura,https://i.imgur.com/Z2rM4CI.png,Si,,,"<a href=""https://www.hogwartsrol.com/u2712"">","<a href=""https://harrypotterhead.com/foro/index.php?action=profile;u=50"">"
u1006,118,Emily Wolf,,,,,Hufflepuff,Estudiante,7,Neutral,Humano,Mujer,,17,Cazador de Hufflepuff / Aprendiz DCAO,-,Heterosexual,Lobo Europeo,-,Pura,https://i.imgur.com/pAh03bj.png,Si,,,"<a href=""https://www.hogwartsrol.com/u1006"">","<a href=""https://harrypotterhead.com/foro/index.php?action=profile;u=118"">"
u2526,77,Enzo Castellucci,,,,,Slytherin,Adulto,A,Mortífago,Vampiro,Hombre,Mortifago,485,Dueño de La Petite Mort,-,Pansexual,Oso Grizzly,-,Pura,https://i.imgur.com/e4gyzLU.png,Si,,,"<a href=""https://www.hogwartsrol.com/u2526"">","<a href=""https://harrypotterhead.com/foro/index.php?action=profile;u=77"">"
u301,91,Erine Lyon,,,,,Ravenclaw,Adulto,A,Neutral,Licántropo,Mujer,,27,Profesionales en Regulación de Criaturas Mágicas / Trabajadores del Bathory’s Star Sky,-,Bisexual,Ave del paraíso,-,Pura,https://i.imgur.com/qH4cur4.png,Si,,,"<a href=""https://www.hogwartsrol.com/u301"">","<a href=""https://harrypotterhead.com/foro/index.php?action=profile;u=91"">"
u501,169,Eros Dimakos,,,,,,,,,,,,,,,,,,,,,No,,"<a href=""https://www.hogwartsrol.com/u501"">","<a href=""https://harrypotterhead.com/foro/index.php?action=profile;u=169"">"
u3383,93,Eros Greyback,,,,,Gryffindor,Estudiante,7,Neutral,Licántropo,Hombre,,17,-,-,Homosexual,Malamute de Alaska,-,Pura,https://i.imgur.com/mBNEQXQ.png,Si,,,"<a href=""https://www.hogwartsrol.com/u3383"">","<a href=""https://harrypotterhead.com/foro/index.php?action=profile;u=93"">"
u3034,73,Etienne L. McDowell,,,,,Ravenclaw,Estudiante,7,Neutral,Humano,Hombre,,17,Cazador de Ravenlcaw / A. de la Academia,Mod. de Registros ,Bisexual,Conejo Holandés,Legeremancia,Pura,https://i.imgur.com/Ggucr5A.png,Si,,,"<a href=""https://www.hogwartsrol.com/u3034"">","<a href=""https://harrypotterhead.com/foro/index.php?action=profile;u=73"">"
u1062,181,Ekrizdis,,,,,-,-,-,-,Deidad,-,,∞,-,-,-,-,-,-,https://i.imgur.com/3FIPB7m.jpg,Si,,,"<a href=""https://www.hogwartsrol.com/u1062"">","<a href=""https://harrypotterhead.com/foro/index.php?action=profile;u=181"">"
u2135,47,Fae Dalarce,,,,,Ravenclaw,Estudiante,7,Neutral,Humano,Hombre,,17,Aprendiz de Pociones / Ayudante de Faery's Cauldron,EPremio Anual,Homosexual,Gato Ragdoll,-,Pura,https://i.imgur.com/b1fK5CN.png,Si,,,"<a href=""https://www.hogwartsrol.com/u2135"">","<a href=""https://harrypotterhead.com/foro/index.php?action=profile;u=47"">"
u1472,116,Gabriel M. Bane,,,,,Hufflepuff,Adulto,A,Auror,Humano,Hombre,,30,J. de CPPYSM en San Mungo,-,Bisexual,Dragón Hébrido negro,-,Pura,https://i.imgur.com/2F2cmSG.png,Si,,,"<a href=""https://www.hogwartsrol.com/u1472"">","<a href=""https://harrypotterhead.com/foro/index.php?action=profile;u=116"">"
u3411,27,Gael Richetti,,,,,Hufflepuff,Adulto,A,Mortífago,Vampiro,Hombre,Mortífago,25,Uso Incorrecto de la Magia / Mortífago,-,Bisexual,Gato Herrumbroso,-,Pura,https://i.imgur.com/XgXD5z5.png,Si,,,"<a href=""https://www.hogwartsrol.com/u3411"">","<a href=""https://harrypotterhead.com/foro/index.php?action=profile;u=27"">"
u2484,102,Galahad N. Prewett,,,,,Hufflepuff,Adulto ,A,Neutral,Vampiro,Hombre,,25,Jefe DPTO de Rompemaldiciones / Dueño de Borgin y Burkes,-,Pansexual,Augurey,Premonicion,Pura,https://i.imgur.com/LBZOEbR.png,Si,,,"<a href=""https://www.hogwartsrol.com/u2484"">","<a href=""https://harrypotterhead.com/foro/index.php?action=profile;u=102"">"
u548,26,Ganimedes Windhunter,,,,,Gryffindor,Adulto,A,Mortífago,Vampiro,Hombre,Mortífago,26,Wizengamot / Mortífago,-,Bisexual,Ave Chara Azul,-,Pura,https://i.imgur.com/AhXGW6f.png,Si,,,"<a href=""https://www.hogwartsrol.com/u548"">","<a href=""https://harrypotterhead.com/foro/index.php?action=profile;u=26"">"
u2744,142,Gea V. Marai,,,,,Gryffindor,Adulto,A,Neutral,Sirena,Mujer,,25,P. en Regulación de Criaturas / Dueña de Poenie's Ribbon,-,Bisexual,Hipocampo,Premonicion,Pura,https://i.imgur.com/rFIfKHG.png,Si,,,"<a href=""https://www.hogwartsrol.com/u2744"">","<a href=""https://harrypotterhead.com/foro/index.php?action=profile;u=142"">"
u1459,149,Gideon Katsaros,,,,,Hufflepuff,Estudiante,6,Neutral,Humano,Hombre,,16,-,-,Homosexual,-,-,Pura,https://i.imgur.com/UAxq7CS.png,Si,,,"<a href=""https://www.hogwartsrol.com/u1459"">","<a href=""https://harrypotterhead.com/foro/index.php?action=profile;u=149"">"
u2309,10,Giffard A. Abbott,,,,,Gryffindor,Adulto,A,Neutral,Humano,Hombre,,32,Sanador / Director de Costello,Mod. Global / Mod. Clubes,Bisexual,Graphorn,-,Pura,https://i.imgur.com/Agxemm4.png,Si,,,"<a href=""https://www.hogwartsrol.com/u2309"">","<a href=""https://harrypotterhead.com/foro/index.php?action=profile;u=10"">"
u1443,134,Gold Belinski,,,,,,,,,,,,,,,,,,,,,Si,,"<a href=""https://www.hogwartsrol.com/u1443"">","<a href=""https://harrypotterhead.com/foro/index.php?action=profile;u=134"">"
u941,62,Gwyndolin Belanger,,,,,,,,,,,,,,,,,,,,,Si,,"<a href=""https://www.hogwartsrol.com/u941"">","<a href=""https://harrypotterhead.com/foro/index.php?action=profile;u=62"">"
u2988,54,Henry Flint,,,,,Ravenclaw,Estudiante,1,Neutral,Licántropo,Hombre,,11,Jugador de Ravenclaw (Golpeador),-,Indefinido,-,Legeremancia,Pura,https://i.imgur.com/jS6RbVh.png,Si,,,"<a href=""https://www.hogwartsrol.com/u2988"">","<a href=""https://harrypotterhead.com/foro/index.php?action=profile;u=54"">"
u1233,135,Hikaru Munetaka,,,,,Gryffindor,Adulto,A,Neutral,Humano,Hombre,,19,Rompemaldiciones / Columnista del The Wizards Journal,-,Bisexual,Unicornio,-,Pura,https://i.imgur.com/VLrJg3O.png,Si,,,"<a href=""https://www.hogwartsrol.com/u1233"">","<a href=""https://harrypotterhead.com/foro/index.php?action=profile;u=135"">"
u3141,101,Hilda S. Nygard,,,,,Gryffindor,Adulto,A,Auror,Veela,Mujer,,27,Inefable/Rompemaldiciones/ Auror,,Heterosexual,Abraxan,-,Pura,https://i.imgur.com/x9P7ljl.png,Si,,,"<a href=""https://www.hogwartsrol.com/u3141"">","<a href=""https://harrypotterhead.com/foro/index.php?action=profile;u=101"">"
u3072,120,Hunter D. McDowell,,,,,Hufflepuff,Estudiante,7,Neutral,Vampiro,Hombre,,17,Jugador de Hufflepuff / Aprendiz de la Academia,-,Pansexual,-,Espiritismo,Pura,https://i.imgur.com/A2NQgWx.png,Si,,,"<a href=""https://www.hogwartsrol.com/u3072"">","<a href=""https://harrypotterhead.com/foro/index.php?action=profile;u=120"">"
u2447,80,Icarus Atwood,,,,,Slytherin,Estudiante,7,Neutral,Licántropo,Hombre,,17,Cazador Slytherin / Aprendiz del la academia,Staff,Bisexual,Perro San Bernardo,-,Impura,https://i.imgur.com/CAxWsDf.png,Si,,,"<a href=""https://www.hogwartsrol.com/u2447"">","<a href=""https://harrypotterhead.com/foro/index.php?action=profile;u=80"">"
u2751,148,Illaoi Laveau,,,,,Slytherin,Adulto,A,Mortófago,Veela,Mujer,,27,Socio Costelo / Dueña de Arcana High Bar,-,Heterosexual,Nundu,Espiritismo,Pura,https://i.imgur.com/IqLDqnu.png,Si,,,"<a href=""https://www.hogwartsrol.com/u2751"">","<a href=""https://harrypotterhead.com/foro/index.php?action=profile;u=148"">"
u2814,114,Ira Ashehound,,,,,Extranjero,Adulto,A,Neutral,Veela,Hombre,,35,Guardabosques / Sanador,Mod. Gobstons,Demisexual,-,-,Mestiza,https://i.imgur.com/vRy0mOm.png,Si,,,"<a href=""https://www.hogwartsrol.com/u2814"">","<a href=""https://harrypotterhead.com/foro/index.php?action=profile;u=114"">"
u1067,188,Iris Quigley,,,,,,,,,,,,,,,,,,,,,No,,"<a href=""https://www.hogwartsrol.com/u1067"">","<a href=""https://harrypotterhead.com/foro/index.php?action=profile;u=188"">"
u3142,69,Ivar Solheim,,,,,Slytherin,Estudiante,5,Neutral,Licántropo,Hombre,,15,Golpeador y Prefecto de Slytherin,Moderador de la Cámara de los Sueños,Heterosexual,Lobo de Baffin,-,Pura,https://i.imgur.com/eIYcYlU.png,Si,,,"<a href=""https://www.hogwartsrol.com/u3142"">","<a href=""https://harrypotterhead.com/foro/index.php?action=profile;u=69"">"
u354,129,James Scamander,,,,,Gryffindor,Adulto,A,Auror,Humano,Hombre,Auror,50,Auror,Radio,Heterosexual,Tigre Siberiano,-,Pura,https://i.imgur.com/BeyWj0D.png,Si,,,"<a href=""https://www.hogwartsrol.com/u354"">","<a href=""https://harrypotterhead.com/foro/index.php?action=profile;u=129"">"
u3455,103,Jeonghwa Song,,,,,,,,,,,,,,,,,,,,,Si,,"<a href=""https://www.hogwartsrol.com/u3455"">","<a href=""https://harrypotterhead.com/foro/index.php?action=profile;u=103"">"
u2395,151,Johanna Grindelwald,,,,,Slytherin,Estudiante,7,Neutral,Humano,Mujer,Mortífago,18,Inéfable / Mortífago,-,Bisexual,Águila Arpía,-,Pura,https://i.imgur.com/3Cot8sK.png,Si,,,"<a href=""https://www.hogwartsrol.com/u2395"">","<a href=""https://harrypotterhead.com/foro/index.php?action=profile;u=151"">"
u38,182,John Reese,,,,,Muggle,Adulto,A,Neutral,Humano,Hombre,,53,-,-,Heterosexual,-,-,-,https://i.imgur.com/DPxyuBc.png,Si,,,"<a href=""https://www.hogwartsrol.com/u38"">","<a href=""https://harrypotterhead.com/foro/index.php?action=profile;u=182"">"
u3445,70,Jonathan Sunday,,,,,,,,,,,,,,,,,,,,,Si,,"<a href=""https://www.hogwartsrol.com/u3445"">","<a href=""https://harrypotterhead.com/foro/index.php?action=profile;u=70"">"
u1503,183,Joseph White ,,,,,Muggle,Adulto,A,Neutral,Humano,Hombre,,70,-,-,Heterosexual,-,-,-,https://i.imgur.com/uqY5icB.png,Si,,,"<a href=""https://www.hogwartsrol.com/u1503"">","<a href=""https://harrypotterhead.com/foro/index.php?action=profile;u=183"">"
u1193,160,Julian E. Defoe,,,,,Hufflepuff,Adulto,A,Neutral,Híbrido H+V,Hombre,,31,Dueño de Plant y Seeds / Profesionales en Regulación de Criaturas Mágicas,-,Heterosexual,Aguililla Cola Roja,-,Pura,https://i.imgur.com/VrPQ2zd.png,Si,,,"<a href=""https://www.hogwartsrol.com/u1193"">","<a href=""https://harrypotterhead.com/foro/index.php?action=profile;u=160"">"
u2245,81,Julieta Richetti,,,,,Ravenclaw,Adulto,A,Neutral,Humano,Mujer,,25,Inefable / Jefa Segurida Mágica,Diseño / Redes,Bisexual,Tigre Malayo,Oclumancia,Pura,https://i.imgur.com/Vn2VoR4.png,Si,,,"<a href=""https://www.hogwartsrol.com/u2245"">","<a href=""https://harrypotterhead.com/foro/index.php?action=profile;u=81"">"
u3102,57,Junniper R. Scamander,,,,,Hufflepuff,Estudiante,6,Neutral,Humano,Mujer,,16,Aprendiz DCRM,-,Bisexual,Qilin,Oclumancia,Mestiza,https://i.imgur.com/th5xM25.png,Si,,,"<a href=""https://www.hogwartsrol.com/u3102"">","<a href=""https://harrypotterhead.com/foro/index.php?action=profile;u=57"">"
u3005,155,Junseo Kleverk,,,,,Slytherin,Estudiante,5,Neutral,Humano,Hombre,,15,Aprendiz Mortífago,-,Bisexual,Avispa Roja,-,Pura,https://i.imgur.com/AY7IU6c.png,Si,,,"<a href=""https://www.hogwartsrol.com/u3005"">","<a href=""https://harrypotterhead.com/foro/index.php?action=profile;u=155"">"
u3124,157,Khamila Andreani,,,,,Gryffindor,Adulto,A,Neutral,Hibrido Si+H,Mujer,,36,Profesor de la academia / Dueña de Vinos Zabini,-,Bisexual,Lince Ibérico,-,Pura,https://i.imgur.com/zYzL0VW.png,Si,,,"<a href=""https://www.hogwartsrol.com/u3124"">","<a href=""https://harrypotterhead.com/foro/index.php?action=profile;u=157"">"
u1290,153,Kin A. Hattori,,,,,,,,,,,,,,,,,,,,,,,"<a href=""https://www.hogwartsrol.com/u1290"">","<a href=""https://harrypotterhead.com/foro/index.php?action=profile;u=153"">"
u2317,53,Klaus Wolfskinder,,,,,Slytherin,Estudiante,7,Neutral,Licántropo,Hombre,,18,Prefecto Slytherin / Capitan Slytherin ,,Heterosexual,Perro Bobtail,-,Pura,https://i.imgur.com/RYsbILA.png,Si,,,"<a href=""https://www.hogwartsrol.com/u2317"">","<a href=""https://harrypotterhead.com/foro/index.php?action=profile;u=53"">"
u2936,173,Kris Avery,,,,,,,,,,,,,,,,,,,,,No,,"<a href=""https://www.hogwartsrol.com/u2936"">","<a href=""https://harrypotterhead.com/foro/index.php?action=profile;u=173"">"
u3033,49,L. Danae Dimou,,,,,Slytherin,Estudiante,7,Mortífago,Licántropo,Mujer,Mortífago,17,Ayudante de Honeydukes / A. Mortífago,-,Demisexual,Cuervo Común,-,Mestiza,https://i.imgur.com/My75WQz.png,Si,,,"<a href=""https://www.hogwartsrol.com/u3033"">","<a href=""https://harrypotterhead.com/foro/index.php?action=profile;u=49"">"
u782,14,Larissa N. Wolf,,,,,Ravenclaw,Adulto,A,Mortífago,Humano,Mujer,Mortífago,33,Inefable / Dueño de Ragnarok / Mortífago,Narradores de Duelos y Misiones,Bisexual,Kitsune,-,Pura,https://i.imgur.com/uPhVHra.jpg,Si,,,"<a href=""https://www.hogwartsrol.com/u782"">","<a href=""https://harrypotterhead.com/foro/index.php?action=profile;u=14"">"
u933,56,Leah Nott,,,,,Slytherin,Adulto,A,Neutral,Híbrido Va+Ve,Mujer,,25,Profesora de Encantamiento / Wizangamont,Jefe de Slytherin,Bisexual,Gato Bengalí,-,Mestiza,https://i.imgur.com/7YSs1u6.png,Si,,,"<a href=""https://www.hogwartsrol.com/u933"">","<a href=""https://harrypotterhead.com/foro/index.php?action=profile;u=56"">"
u1171,184,Leticia de RH,,,,,Extranjero,Adulto,A,Neutral,Humano,Mujer,,35,Recursos Humanos,-,Heterosexual,-,-,Impura,https://i.imgur.com/DGhb9W6.png,Si,,,"<a href=""https://www.hogwartsrol.com/u1171"">","<a href=""https://harrypotterhead.com/foro/index.php?action=profile;u=184"">"
u892,21,Lillie Windhunter,,,,,Gryffindor,Adulto,A,Neutral,Vampiro,Mujer,,30,J. de Sanción en Hogwarst / D. Fleur,Staff,Heterosexual,Pájaro colorín azul,-,Pura,https://i.imgur.com/D8inLzj.jpg,Si,,,"<a href=""https://www.hogwartsrol.com/u892"">","<a href=""https://harrypotterhead.com/foro/index.php?action=profile;u=21"">"
u3313,123,Lissandra Bane,,,,,Hufflepuff,Adulto,A,Auror,Humano,Mujer,,23,Inefable,-,Heterosexual,Visón,-,Pura,https://i.imgur.com/fPFnxOs.png,Si,,,"<a href=""https://www.hogwartsrol.com/u3313"">","<a href=""https://harrypotterhead.com/foro/index.php?action=profile;u=123"">"
u2000,63,Logan Allen,,,,,Gryffindor,Adulto,A,Auror,Humano,Hombre,Auror,27,Auror / Jefe del Dpto. Misterios ,Mod. misiones / Columnista,Bisexual,Tigre de Béngala real,-,Pura,https://i.imgur.com/zrUpCbQ.png,Si,,,"<a href=""https://www.hogwartsrol.com/u2000"">","<a href=""https://harrypotterhead.com/foro/index.php?action=profile;u=63"">"
u1274,131,Luca Cabane,,,,,Ravenclaw,Adulto,A,Neutral,Humano,Hombre,,34,-,-,Bisexual,Tucán,-,Impura,https://i.imgur.com/pEoN0VL.png,Si,,,"<a href=""https://www.hogwartsrol.com/u1274"">","<a href=""https://harrypotterhead.com/foro/index.php?action=profile;u=131"">"
u3029,67,Lyrie D. Argent,,,,,Ravenclaw,Estudiante,6,Neutral,Licántropo,Mujer,,17,Jugador Ravenclaw / A. Sanador / A. Morti,Mod. misiones / Diseñador,Bisexual,Nutria,-,Pura,https://i.imgur.com/mOqozdX.png,Si,,,"<a href=""https://www.hogwartsrol.com/u3029"">","<a href=""https://harrypotterhead.com/foro/index.php?action=profile;u=67"">"
u322,132,Mack Wyse,,,,,Slytherin,Adulto,A,Neutral,Humano,Hombre,,35,Dueño del Little Moon / T. del Bathory’s Star Sky,-,Heterosexual,Pingüino,-,Impura,https://i.imgur.com/npFW0en.jpg,Si,,,"<a href=""https://www.hogwartsrol.com/u322"">","<a href=""https://harrypotterhead.com/foro/index.php?action=profile;u=132"">"
u3462,139,Maddie B. Moore,,,,,,,,,,,,,,,,,,,,,Si,,"<a href=""https://www.hogwartsrol.com/u3462"">","<a href=""https://harrypotterhead.com/foro/index.php?action=profile;u=139"">"
u1370,68,Madisson S. Howells,,,,,Ravenclaw,Adulto,A,Auror,Veela,Mujer,Auror,20,Auror,Cronista,Heterosexual,Mariposa Ulises,-,Pura,https://i.imgur.com/mxY4U0o.png,Si,,,"<a href=""https://www.hogwartsrol.com/u1370"">","<a href=""https://harrypotterhead.com/foro/index.php?action=profile;u=68"">"
u1103,29,Magnus Greengrass,,,,,Slytherin,Adulto,A,Mortífago,Vampiro,Hombre,Mortífago,29,P. Hª Magia / Sublider Mortifago / Miembro Wizengamot,Mod Pociones,Bisexual,Alcaudon pio,-,Pura,https://i.imgur.com/AdTLsEc.png,Si,,,"<a href=""https://www.hogwartsrol.com/u1103"">","<a href=""https://harrypotterhead.com/foro/index.php?action=profile;u=29"">"
u1352,83,Marcus Marlowe,,,,,Hufflepuff,Adulto,A,Neutral,Licántropo,Hombre,,33,P. Runas Antiguas / Dueño de Flourish & Blotts,Ex. Magia no Verbal/ Jefe Hufflepuff,Demisexual,Aguilucho Lagunero,-,Impura,https://i.imgur.com/XcTeAkv.png,Si,,,"<a href=""https://www.hogwartsrol.com/u1352"">","<a href=""https://harrypotterhead.com/foro/index.php?action=profile;u=83"">"
u1299,88,Meredith G. Marlowe,,,,,Ravenclaw,Estudiante,7,Neutral,Sirena,Mujer,,17,A. Rompemaldiciones / Capitán Ravenclaw,-,Bisexual,Quetzal crestado,-,Pura,https://i.imgur.com/TFCNrNq.png,Si,,,"<a href=""https://www.hogwartsrol.com/u1299"">","<a href=""https://harrypotterhead.com/foro/index.php?action=profile;u=88"">"
u2707,162,Merlín,,,,,Slytherin,Adulto,A,Auror,Humano,Hombre,Auror,1604,Lider Auror,-,Heterosexual,Ciervo Rojo,Premonición,Pura,https://i.imgur.com/lzhUFmG.png,Si,,,"<a href=""https://www.hogwartsrol.com/u2707"">","<a href=""https://harrypotterhead.com/foro/index.php?action=profile;u=162"">"
u1023,152,Miu Asahi,,,,,,,,,,,,,,,,,,,,,No,,"<a href=""https://www.hogwartsrol.com/u1023"">","<a href=""https://harrypotterhead.com/foro/index.php?action=profile;u=152"">"
u2033,154,Noh Mi Rae,,,,,,,,,,,,,,,,,,,,,No,,"<a href=""https://www.hogwartsrol.com/u2033"">","<a href=""https://harrypotterhead.com/foro/index.php?action=profile;u=154"">"
u594,89,Mordred Le Fay,,,,,Slytherin,Adulto,A,Mortífago,Licántropo,Hombre,,35,D. Nox / Socio Costello,-,Bisexual,Pitón Regius,-,Pura,https://i.imgur.com/DfMd0ii.png,Si,,,"<a href=""https://www.hogwartsrol.com/u594"">","<a href=""https://harrypotterhead.com/foro/index.php?action=profile;u=89"">"
u667,108,Morgan Fairchild,,,,,Ravenclaw,Adulto,A,Neutral,Licántropo,Mujer,,33,Sanador en Hogwarts / D. Umbra Clinic,-,Heterosexual,Lobo Negro,-,Pura,https://i.imgur.com/sly1TSp.png,Si,,,"<a href=""https://www.hogwartsrol.com/u667"">","<a href=""https://harrypotterhead.com/foro/index.php?action=profile;u=108"">"
u3412,141,	Morgana A. Mayfair,,,,,,,,,,,,,,,,,,,,,,,"<a href=""https://www.hogwartsrol.com/u3412"">","<a href=""https://harrypotterhead.com/foro/index.php?action=profile;u=141"">"
u1453,161,Morgana Le Fay,,,,,Extranjero,Adulto,A,Mortífago,Humano,Mujer,Mortífago,1500,Líder Mortífago,-,Bisexual,Cuervo americano,Legeremancia,Pura,https://i.imgur.com/OfbYSNs.png,Si,,,"<a href=""https://www.hogwartsrol.com/u1453"">","<a href=""https://harrypotterhead.com/foro/index.php?action=profile;u=161"">"
u37,186,Narrador,,,,,Extranjero,Adulto,A,Mortífago,Humano,Mujer,Mortífago,1500,Líder Mortífago,-,Bisexual,Cuervo americano,Legeremancia,Pura,https://i.imgur.com/OfbYSNs.png,Si,,,"<a href=""https://www.hogwartsrol.com/u37"">","<a href=""https://harrypotterhead.com/foro/index.php?action=profile;u=186"">"
u2819,60,Nathan A. Carrow,,,,,Slytherin,Adulto,A,Neutral,Humano,Hombre,,26,Sanador en Hogwarts,-,Heterosexual,Caiman Negro,-,Pura,https://i.imgur.com/Af68LKR.png,Si,,,"<a href=""https://www.hogwartsrol.com/u2819"">","<a href=""https://harrypotterhead.com/foro/index.php?action=profile;u=60"">"
u2718,100,Neria Spektral,,,,,Slytherin,Estudiante,7,Neutral,Humano,Mujer,,18,A. Sanador/ Buscadora Slytherin,Mod. Registro/ Mod. Cámara de los sueños/Premio anual Slytherin,Demisexual,Vipera Albizona,-,Pura,https://i.imgur.com/0Gq1nx5.png,Si,,,"<a href=""https://www.hogwartsrol.com/u2718"">","<a href=""https://harrypotterhead.com/foro/index.php?action=profile;u=100"">"
u3439,130,Nicholas Haywood,,,,,,,,,,,,,,,,,,,,,,,"<a href=""https://www.hogwartsrol.com/u3439"">","<a href=""https://harrypotterhead.com/foro/index.php?action=profile;u=130"">"
u2537,15,Nimue E. Valerius,,,,,Hufflepuff,Adulto,A,Neutral,Humano,Mujer,,31,Duño de Vimue Dalerius Pub / J. de Quidditch Profesional,-,Homosexual,Musaraña,-,Mestiza,https://i.imgur.com/JnTHntz.png,Si,,,"<a href=""https://www.hogwartsrol.com/u2537"">","<a href=""https://harrypotterhead.com/foro/index.php?action=profile;u=15"">"
u2862,121,Noah Clearwater,,,,,Gryffindor,Estudiante,7,Neutral,Sirena,Mujer,,18,A. Aritmancia / Buscador Gryffindor,Mod Gobstons,Heterosexual,,-,Pura,https://i.imgur.com/jkGXDfs.png,Si,,,"<a href=""https://www.hogwartsrol.com/u2862"">","<a href=""https://harrypotterhead.com/foro/index.php?action=profile;u=121"">"
u1606,59,Noah Malfoy,,,,,Hufflepuff,Adulto,A,Neutral,Humano,Hombre,,20,-,-,Heterosexual,Gato Azul Ruso,-,Pura,https://i.imgur.com/5kLMoI7.png,Si,,,"<a href=""https://www.hogwartsrol.com/u1606"">","<a href=""https://harrypotterhead.com/foro/index.php?action=profile;u=59"">"
u1090,111,Paolo Sanna,,,,,Hufflepuff,Adulto,A,Neutral,Humano,Hombre,,29,-,-,Bisexual,Lirón Gris,-,Impura,https://i.imgur.com/n3vOuR2.png,Si,,,"<a href=""https://www.hogwartsrol.com/u1090"">","<a href=""https://harrypotterhead.com/foro/index.php?action=profile;u=111"">"
u2992,16,Paul Whit,,,,,Ravenclaw,Estudiante,7,Neutral,Humano,Hombre,,17,A. Inefable / Prefecto de Ravenclaw,Columnista / Examinador general,Pansexual,Colibrí,-,Mestiza,https://i.imgur.com/JR09D9H.png,Si,,,"<a href=""https://www.hogwartsrol.com/u2992"">","<a href=""https://harrypotterhead.com/foro/index.php?action=profile;u=16"">"
u3376,124,Penélope Featherington,,,,,Hufflepuff,Estudiante,6,Auror,Humano,Mujer,,16,Ayudante Flourish & Blotts,-,Heterosexual,Golondrina Común,-,Pura,https://i.imgur.com/wHvhLq0.png,Si,,,"<a href=""https://www.hogwartsrol.com/u3376"">","<a href=""https://harrypotterhead.com/foro/index.php?action=profile;u=124"">"
u1109,18,Perseo Katsaros,,,,,Slytherin,Adulto,A,Neutral,Humano,Hombre,,18,Bibliotecario/Dueño Bótica Slug&Jiggers,Staff,Homosexual,Comadreja,-,Mestiza,https://i.imgur.com/n4bWVPG.png,Si,,,"<a href=""https://www.hogwartsrol.com/u1109"">","<a href=""https://harrypotterhead.com/foro/index.php?action=profile;u=18"">"
u833,51,Persephone A. Windhunter,,,,,Slytherin,Estudiante,7,Mortífago,Humano,Mujer,Mortífago,19,A. Academia / Prefecto Slytherin / A. Morti,-,Heterosexual,Aethonan,-,Pura,https://i.imgur.com/R17ucz4.jpg,Si,,,"<a href=""https://www.hogwartsrol.com/u833"">","<a href=""https://harrypotterhead.com/foro/index.php?action=profile;u=51"">"
u2728,94,Peter Peverell,,,,,Slytherin,Adulto,A,Neutral,Licántropo,Hombre,,22,Rompemaldiciones / Socio de Costello,-,Bisexual,Araña Viuda Negra,-,Pura,https://i.imgur.com/3Oqgbky.png,Si,,,"<a href=""https://www.hogwartsrol.com/u2728"">","<a href=""https://harrypotterhead.com/foro/index.php?action=profile;u=94"">"
u2815,79,Petrichor R. Warlock,,,,,Gryffindor,Estudiante,7,Neutral,Veela,Mujer,,18,-,Mod Nimbus,Demisexual,Petauro,-,Pura,https://i.imgur.com/GDWWULs.png,Si,,,"<a href=""https://www.hogwartsrol.com/u2815"">","<a href=""https://harrypotterhead.com/foro/index.php?action=profile;u=79"">"
u2521,86,Philippe Delacour,,,,,Extranjero,Adulto,A,Neutral,Hibrido Vee + Va,Hombre,,32,-,-,Bisexual,Doxy,-,Metiza,https://i.imgur.com/ERmhCY4.png,Si,,,"<a href=""https://www.hogwartsrol.com/u2521"">","<a href=""https://harrypotterhead.com/foro/index.php?action=profile;u=86"">"
u3281,74,Phobos A. Windhunter,,,,,,,,,,,,,,,,,,,,,,,"<a href=""https://www.hogwartsrol.com/u3281"">","<a href=""https://harrypotterhead.com/foro/index.php?action=profile;u=74"">"
u3408,58,Phoenix Richetti,,,,,,,,,,,,,,,,,,,,,,,"<a href=""https://www.hogwartsrol.com/u3408"">","<a href=""https://harrypotterhead.com/foro/index.php?action=profile;u=58"">"
u3326,159,Rhys Vladimirovich,,,,,,,,,,,,,,,,,,,,,,,"<a href=""https://www.hogwartsrol.com/u3326"">","<a href=""https://harrypotterhead.com/foro/index.php?action=profile;u=159"">"
u1129,158,	Ryojin Raiden,,,,,,,,,,,,,,,,,,,,,No,,"<a href=""https://www.hogwartsrol.com/u1129"">","<a href=""https://harrypotterhead.com/foro/index.php?action=profile;u=158"">"
u3143,97,Ricardo Suarez,,,,,Slytherin,Adulto,A,Neutral,Híbrido Ve+Si,Hombre,,23,Sanador,-,Bisexual,-,-,Mestiza,https://i.imgur.com/tBB8FjH.png,Si,,,"<a href=""https://www.hogwartsrol.com/u3143"">","<a href=""https://harrypotterhead.com/foro/index.php?action=profile;u=97"">"
u343,163,Richard Rogers,,,,,,,,,,,,,,,,,,,,,,,"<a href=""https://www.hogwartsrol.com/u343"">","<a href=""https://harrypotterhead.com/foro/index.php?action=profile;u=163"">"
u1517,25,Riley McAdams,,,,,Slytherin,Estudiante,7,Neutral,Híbrido Hu+Va,Mujer,,17,Aprendiz de Misterios,-,Heterosexual,Tigrillo,-,Pura,https://i.imgur.com/jIyff2F.png,Si,,,"<a href=""https://www.hogwartsrol.com/u1517"">","<a href=""https://harrypotterhead.com/foro/index.php?action=profile;u=25"">"
u988,66,River Greyback,,,,,Slytherin,Adulto,A,Mortífago,Licántropo,Hombre,Mortífago,20,Mortífago / Profesional del Uso Incorrecto de la Magia ,-,Bisexual,Águila real,-,Pura,https://i.imgur.com/PwNOl6C.jpg,Si,,,"<a href=""https://www.hogwartsrol.com/u988"">","<a href=""https://harrypotterhead.com/foro/index.php?action=profile;u=66"">"
u2006,185,Rowan McGrath,,,,,Muggle,Adulto,A,Neutral,Humano,Hombre,,43,Lider de la Mafia Muggle,-,Heterosexual,-,-,-,https://i.imgur.com/x68dE2T.jpg,Si,,,"<a href=""https://www.hogwartsrol.com/u2006"">","<a href=""https://harrypotterhead.com/foro/index.php?action=profile;u=185"">"
u3371,17,Rye Richetti,,,,,Gryffindor,Estudiante,6,Neutral,Humano,Mujer,,16,-,-,Heterosexual,Oso Panda,-,Pura,https://i.imgur.com/I8iEfCZ.png,Si,,,"<a href=""https://www.hogwartsrol.com/u3371"">","<a href=""https://harrypotterhead.com/foro/index.php?action=profile;u=17"">"
u3164,106,Saoirse O'Byrne,,,,,,,,,,,,,,,,,,,,,,,"<a href=""https://www.hogwartsrol.com/u3164"">","<a href=""https://harrypotterhead.com/foro/index.php?action=profile;u=106"">"
u3202,119,Sabrina Starlight,,,,,Ravenclaw,Estudiante,3,Neutral,Híbrido Si+Hu,Mujer,,14,,,Bisexual,-,-,Pura,https://i.imgur.com/mBIUY7y.png,Si,,,"<a href=""https://www.hogwartsrol.com/u3202"">","<a href=""https://harrypotterhead.com/foro/index.php?action=profile;u=119"">"
u419,42,Sachiko Ogasawara,,,,,Slytherin,Adulto,A,Neutral,Vampiro,Mujer,,21,P. Uso incorrecto mágia,-,Homosexual,Dragón Bola de Fuego Chino,-,Pura,https://i.imgur.com/n7dXl3J.png,Si,,,"<a href=""https://www.hogwartsrol.com/u419"">","<a href=""https://harrypotterhead.com/foro/index.php?action=profile;u=42"">"
u414,147,Scorpius Malfoy,,,,,Slytherin,Adulto,A,Auror,Humano,Hombre,,49,Sanador,E. Periodicos,Bisexual,Perro Mastín del Pirineos,-,Pura,https://i.imgur.com/rQPzde7.png,Si,,,"<a href=""https://www.hogwartsrol.com/u414"">","<a href=""https://harrypotterhead.com/foro/index.php?action=profile;u=147"">"
u2102,168,Scott Ollivander,,,,,Slytherin,Estudiante,7,Mortífago,Humano,Hombre,,17,A. The Queerditch Blooder,-,Homosexual,Demiguise,-,Pura,https://i.imgur.com/AEEgMm7.png,Si,,,"<a href=""https://www.hogwartsrol.com/u2102"">","<a href=""https://harrypotterhead.com/foro/index.php?action=profile;u=168"">"
u2589,38,Selene G. Argyris,,,,,Gryffindor,Adulto,A,Neutral,Sirena,Mujer,,25,D. Moonlight Shadow Planetary,-,Pansexual,Tonina overa,-,Pura,https://i.imgur.com/HfXQm8o.png,Si,,,"<a href=""https://www.hogwartsrol.com/u2589"">","<a href=""https://harrypotterhead.com/foro/index.php?action=profile;u=38"">"
u1285,23,Sky S. Lightwood,,,,,Ravenclaw,Adulto,A,Auror,Humano,Mujer,Auror,26,Ministra Magia / Auror / D. Sacred Lotus,Columnista / E. General,Bisexual,Alcotán europeo,-,Pura,https://i.imgur.com/iGK9EHY.png,Si,,,"<a href=""https://www.hogwartsrol.com/u1285"">","<a href=""https://harrypotterhead.com/foro/index.php?action=profile;u=23"">"
u1707,22,Stella Ersebet,,,,,Hufflepuff,Estudiante,7,Neutral,Humano,Mujer,Mortífago,17,Cazador Hufflepuff / A. Sanador / A. Mortífago,Mod. Situaciones / Premio Anual / Mod. Registros,Heterosexual,Perro Dalmata,-,Mestiza,https://i.imgur.com/YgcZVEa.png,Si,,,"<a href=""https://www.hogwartsrol.com/u1707"">","<a href=""https://harrypotterhead.com/foro/index.php?action=profile;u=22"">"
u47,31,Susan E. Petrie,,,,,,,,,,,,,,,,,,,,,Si,,"<a href=""https://www.hogwartsrol.com/u47"">","<a href=""https://harrypotterhead.com/foro/index.php?action=profile;u=31"">"
u965,156,	Suspiria Kim,,,,,,,,,,,,,,,,,,,,,No,,"<a href=""https://www.hogwartsrol.com/u965"">","<a href=""https://harrypotterhead.com/foro/index.php?action=profile;u=156"">"
u250,55,Thomas Grindelwald,,,,,Slytherin,Adulto,A,Mortífago,Humano,Hombre,Mortífago,27,Mortífago,-,Heterosexual,Lechuza,-,Pura,https://i.imgur.com/jkCZIu5.png,Si,,,"<a href=""https://www.hogwartsrol.com/u250"">","<a href=""https://harrypotterhead.com/foro/index.php?action=profile;u=55"">"
u3153,125,Undyne McDowell,,,,,,,,,,,,,,,,,,,,,No,,"<a href=""https://www.hogwartsrol.com/u3153"">","<a href=""https://harrypotterhead.com/foro/index.php?action=profile;u=125"">"
u2997,9,Vernon Kang,,,,,Hufflepuff,Adulto,A,Auror,Licántropo,Hombre,Auror,25,Auror / Sanador / T. Global Star Entertainment,Mod. Global / C. Eventos,Homosexual,Koala,-,Pura,https://i.imgur.com/GKs2nuK.png,Si,,,"<a href=""https://www.hogwartsrol.com/u2997"">","<a href=""https://harrypotterhead.com/foro/index.php?action=profile;u=9"">"
u3028,133,	Victoria Da Souza,,,,,,,,,,,,,,,,,,,,,No,,"<a href=""https://www.hogwartsrol.com/u3028"">","<a href=""https://harrypotterhead.com/foro/index.php?action=profile;u=133"">"
u3338,122,Victoria DeLacourt,,,,,,,,,,,,,,,,,,,,,,,"<a href=""https://www.hogwartsrol.com/u3338"">","<a href=""https://harrypotterhead.com/foro/index.php?action=profile;u=122"">"
u1369,48,Whilemina Hardin,,,,,Ravenclaw,Adulto,A,Auror,Licántropo,Mujer,Auror,20,Profesional DRCM/ Auror,Staff,Heterosexual,Lobo de Vancouver,-,Mestiza,https://i.imgur.com/oOVMdQj.png,Si,,,"<a href=""https://www.hogwartsrol.com/u1369"">","<a href=""https://harrypotterhead.com/foro/index.php?action=profile;u=48"">"
u284,85,William A. Ellis,,,,,Hufflepuff,Adulto,A,Auror,Humano,Hombre,Auror,34,D. San Mungo / Auror,-,Bisexual,Perro mastín de Pirineos,-,Pura,https://i.imgur.com/tjOVeVq.jpg,Si,,,"<a href=""https://www.hogwartsrol.com/u284"">","<a href=""https://harrypotterhead.com/foro/index.php?action=profile;u=85"">"
u3267,46,Willow J. Wildrose,,,,,Hufflepuff,Estudiante,7,Neutral,Humano,Mujer,,17,A. CCMM,-,Heterosexual,Ardilla Richardson,-,Mestiza,https://i.imgur.com/5Xi90uj.png,Si,,,"<a href=""https://www.hogwartsrol.com/u3267"">","<a href=""https://harrypotterhead.com/foro/index.php?action=profile;u=46"">"
u884,109,Wyatt Kreiss,,,,,,,,,,,,,,,,,,,,,Si,,"<a href=""https://www.hogwartsrol.com/u884"">","<a href=""https://harrypotterhead.com/foro/index.php?action=profile;u=109"">"
u2890,105,Yu Hwan,,,,,Extranjero,Adulto,A,Neutral,Humano,Hombre,,25,P. CCM / Jefe de DRCM,-,Heterosexual,Mapache común,Metamorfomagia,Mestiza,https://i.imgur.com/iRRdjgs.png,Si,,,"<a href=""https://www.hogwartsrol.com/u2890"">","<a href=""https://harrypotterhead.com/foro/index.php?action=profile;u=105"">"
u2155,76,Zachary Von Richter,,,,,Gryffindor,Estudiante,7,Neutral,Humano,Hombre,,18,A. Pociones/ A. Faery´s Cauldron,-,Demisexual,Castor,-,Pura,https://i.imgur.com/C41gPCS.png,Si,,,"<a href=""https://www.hogwartsrol.com/u2155"">","<a href=""https://harrypotterhead.com/foro/index.php?action=profile;u=76"">"
u2282,65,Zeon Klaus,,,,,Hufflepuff,Adulto,A,Neutral,Humano,Hombre,,34,Dueño de Mystic Momentum / P. CCMM,-,Bisexual,-,-,Mestiza,https://i.imgur.com/Wilorbt.png,Si,,,"<a href=""https://www.hogwartsrol.com/u2282"">","<a href=""https://harrypotterhead.com/foro/index.php?action=profile;u=65"">"
u1790,24,Zoe Bennett,,,,,Gryffindor,Adulto,A,Auror,Humano,Mujer,Auror,34,Rompemaldiciones / Auror,Columnista CdB - Mod. Registros,Heterosexual,Mariposa Monarca,-,Pura,https://i.imgur.com/6H7xsCM.png,Si,,,"<a href=""https://www.hogwartsrol.com/u1790"">","<a href=""https://harrypotterhead.com/foro/index.php?action=profile;u=24"">"