name|imgurUrl
Abrigo|https://i.imgur.com/ccpN9Zj.png
Anillo de Compromiso|https://i.imgur.com/OiEe9Mz.png
Anillo de Gryffindor|https://i.imgur.com/qUz0u5M.png
Anillo de Hufflepuff|https://i.imgur.com/XwJN7tg.png
Anillo de Ravenclaw|https://i.imgur.com/vMwHfZH.png
Anillo de Slytherin|https://i.imgur.com/BXJnb1u.png
Anillo Lunar|https://i.imgur.com/RNF8AAY.png
Anillos de Boda|https://i.imgur.com/Q3uqo3K.png
Árbol Navideño|https://i.imgur.com/AFT7SP4.png
Bastón de Caramelo|https://i.imgur.com/qbjdVwo.png
Baúl Mágico|https://i.imgur.com/94BekCi.png
Bola de Cristal|https://i.imgur.com/0kH8KJo.jpg
Bolso con Hechizo Expansible|https://i.imgur.com/FnXNyw9.png
Botas de Piel de Dragón|https://i.imgur.com/J14oL0o.png
Botas de Velocidad|https://i.imgur.com/xwO1nIP.png
Brazalete|https://i.imgur.com/9PuZvBV.png
Caja de Música|https://i.imgur.com/kev9x31.png
Caldero de Oro|https://i.imgur.com/gH4PaOv.png
Caldero de Peltre|https://i.imgur.com/tV5ykph.png
Capa de Invisibilidad|https://i.imgur.com/K2KTOm9.png
Celular|https://i.imgur.com/GZI076E.png
Chalina|https://i.imgur.com/C18Mldz.png
Collar|https://i.imgur.com/UcnuJsc.png
Consola|https://i.imgur.com/Re1WnDa.png
Galleta de Jengibre|https://i.imgur.com/T0VATTt.png
Gemelos|https://i.imgur.com/Zc0SQvD.png
Guantes de Piel de Dragón|https://i.imgur.com/HZ3d4F8.png
Guitarra|https://i.imgur.com/BJiqhew.png
Ítem Exclusivo nv1|https://i.imgur.com/4KSO3N3.png
Ítem Exclusivo nv2|https://i.imgur.com/dlKmv2A.png
Ítem Exclusivo nv3|https://i.imgur.com/6nWpJmm.png
Mazo de Cartas del Tarot|https://i.imgur.com/HRqZFy4.png
Muérdago|https://i.imgur.com/QkTPCkn.png
Oso de Peluche|https://i.imgur.com/Ihdo220.png
Péndulo de Cuarzo Blanco|https://i.imgur.com/Y4drYlI.png
Pensadero|https://i.imgur.com/esK7Mra.jpg
Perfume|https://i.imgur.com/h3XSHyh.png
Piano|https://i.imgur.com/lHN27pm.png
Piedra de la Vida|https://i.imgur.com/XaNt85W.png
Pluma Vuelapluma|https://i.imgur.com/YG6Ad6z.png
Ramo de Flores|https://i.imgur.com/wBrf4eA.jpg
Regalo|https://i.imgur.com/Wmof45A.png
Reloj de Bolsillo|https://i.imgur.com/01C0tCe.png
Salida de Azkaban|https://i.imgur.com/aDQt0eX.png
Skate|https://i.imgur.com/HiEAfke.png
Set de Runas|https://i.imgur.com/sP2Axi8.png
Talismán Rúnico|https://i.imgur.com/NETlNjI.png
Telescopio|https://i.imgur.com/RKORr6h.png
Telescopio de Oro|https://i.imgur.com/XCd0Vmp.png
Traje de Resistencia al Agua|https://i.imgur.com/VPYJWr8.png
Traje de Resistencia a la Electricidad|https://i.imgur.com/v91Herw.png
Traje de Resistencia al Frío|https://i.imgur.com/eGxCaSR.png
Traje de Resistencia al Fuego|https://i.imgur.com/3BaZ1eu.png
Traje formal|https://i.imgur.com/zbAgjkQ.png
Túnica de Gala|https://i.imgur.com/Mu6bVQG.png
Vestido|https://i.imgur.com/n9WVNhj.png
Vestido de Gala|https://i.imgur.com/vhniyBX.png
Vestido de Novia|https://i.imgur.com/LYM46MS.jpg
Arco|https://i.imgur.com/VRNPkwa.png
Ballesta|https://i.imgur.com/ZeFePZP.png
Daga|https://i.imgur.com/fGBYuqK.png
Daga Doble|https://i.imgur.com/F1fTPE7.png
Escudo|https://i.imgur.com/qANoWYq.png
Espada|https://i.imgur.com/vVGAZfc.png
Espada Corta|https://i.imgur.com/I3yCdSj.png
Hacha|https://i.imgur.com/ZXGqvre.png
Katana|https://i.imgur.com/jsfsR7Q.png
Mandoble|https://i.imgur.com/kdIB7Rv.png
Navaja Suiza|https://i.imgur.com/XEUeyPV.png
Punzón|https://i.imgur.com/YWVNDja.png
Abraxan|https://i.imgur.com/o0CMEgh.png
Aethonan|https://i.imgur.com/Gs10Lbc.png
Ardilla|https://i.imgur.com/dzUAfuH.png
Ave Fénix|https://i.imgur.com/z0eNcUU.jpg
Ave Ninfa|https://i.imgur.com/KZCsBUs.png
Bowtruckle|https://i.imgur.com/7NAoJaC.png
Búho Real|https://i.imgur.com/y5c81hX.png
Búho Real Euroasiático|https://i.imgur.com/1EReaNB.png
Búho del Desierto|https://i.imgur.com/XgWS5pk.png
Caballo Andaluz|https://i.imgur.com/BEN149d.png
Carpincho|https://i.imgur.com/QseNTiV.png
Caballo Frisón|https://i.imgur.com/TVNWAWA.png
Cabra|https://i.imgur.com/1WWailc.png
Cerdito doméstico|https://i.imgur.com/yUJiP8V.png
Chizpurfle|https://i.imgur.com/0MtwkcP.png
Clabbert|https://i.imgur.com/q6HjHQn.png
Conejo|https://i.imgur.com/QJhKyK8.png
Crup|https://i.imgur.com/auxRWNb.jpg
Cuervo|https://i.imgur.com/go9zcJA.png
Cuyo|https://i.imgur.com/cjsxSw8.png
Demiguise|https://i.imgur.com/K9QfW22.png
Diricawl|https://i.imgur.com/PGJi4XD.png
Elfos Domésticos 1|https://i.imgur.com/P1pAClY.png
Elfos Domésticos 2|https://i.imgur.com/UVdqF7U.png
Elfos Domésticos 3|https://i.imgur.com/zpzQLLg.png
Elfos Domésticos 4|https://i.imgur.com/9y1QuA9.png
Elfos Domésticos 5|https://i.imgur.com/cBakami.png
Elfos Domésticos 6|https://i.imgur.com/Lyp0Jp5.png
Elfos Domésticos 7|https://i.imgur.com/PJGZC49.png
Elfos Domésticos 8|https://i.imgur.com/wBhQHY5.png
Elfos Domésticos 9|https://i.imgur.com/gXQre4O.png
Erizo|https://i.imgur.com/vsL7IQc.png
Escarbato|https://i.imgur.com/yyGrHEQ.png
Gato Angora|https://i.imgur.com/fQmPtun.jpg
Gato Asiático|https://i.imgur.com/toFUFUx.jpg
Gato Birmano|https://i.imgur.com/cR4aHix.jpg
Gato Bombay|https://i.imgur.com/66YpKMC.jpg
Gato Esfinge|https://i.imgur.com/9PBDjDN.png
Gato Maine Coon|https://i.imgur.com/lF2ez38.png
Gato Mau Egipcio|https://i.imgur.com/wlU8ses.png
Gato Munchkin|https://i.imgur.com/OauXmC9.png
Gato Noruego|https://i.imgur.com/Zmh2OCs.jpg
Gato Persa|https://i.imgur.com/IOim4Qs.jpg
Gato Snowshoe|https://i.imgur.com/bxO19dF.png
Granian|https://i.imgur.com/ZRh8jRX.png
Hada|https://i.imgur.com/hRE051h.png
Hamster|https://i.imgur.com/6bhbvl3.png
Hurón|https://i.imgur.com/chX8AYL.png
Imp|https://i.imgur.com/Yw6cV1f.png
Jobberknoll|https://i.imgur.com/0erUE4H.png
Kneazle|https://i.imgur.com/aRKgEvi.jpg
Lechuza Boreal|https://i.imgur.com/e1zzraB.jpg
Lechuza Campestre|https://i.imgur.com/PNEU44b.jpg
Lechuza Común|https://i.imgur.com/rGBASpA.jpg
Lechuza Maori|https://i.imgur.com/gbKlKMk.jpg
Lechuza Nevada|https://i.imgur.com/aJGTrlG.jpg
Lechuza Tenebrosa|https://i.imgur.com/iX9gtIo.jpg
Lobo|https://i.imgur.com/hSoCL8n.png
Mapache|https://i.imgur.com/KDk6A32.png
Micropuffpigmeo|https://i.imgur.com/JU6KEGv.jpg
Mini Dragón|https://i.imgur.com/9OPzzf6.png
Mooncalf|https://i.imgur.com/Eks4cML.png
Murciélago albino|https://i.imgur.com/1TX6vJN.png
Murtlap|https://i.imgur.com/R352u7B.png
Nutria|https://i.imgur.com/8iHYeu8.png
Quetzal|https://i.imgur.com/aWbNA9a.png
Panda Rojo|https://i.imgur.com/V0RDWwz.png
Pato|https://i.imgur.com/UEC1QIG.png
Perro Boxer|https://i.imgur.com/LCOuvHi.png
Perro Caniche|https://i.imgur.com/udxD6vp.png
Perro Cavalier Spaniel|https://i.imgur.com/aKs9Z2J.png
Perro Corgi|https://i.imgur.com/YIOfquo.png
Perro Dalmata|https://i.imgur.com/9RgJkG8.png
Perro Doberman|https://i.imgur.com/sc7z6ns.png
Perro Husky Siberiano|https://i.imgur.com/2hPsoCU.jpg
Perro Labrador|https://i.imgur.com/b8DlOlA.jpg
Perro Pastor Alemán|https://i.imgur.com/UzjymQS.jpg
Perro Pinscher Miniatura|https://i.imgur.com/cGuVfIo.jpg
Perro Poodle|https://i.imgur.com/jiKDqgW.png
Perro Pomerania|https://i.imgur.com/hvw07hX.png
Perro Pug|https://i.imgur.com/4AngywH.jpg
Perro Samoyedo|https://i.imgur.com/wWn5xBj.png
Perro San Bernardo|https://i.imgur.com/6DpCWpO.png
Pez ángel emperador|https://i.imgur.com/mFjeYVb.png
Pez dorado|https://i.imgur.com/WN2rq08.png
Pez payaso|https://i.imgur.com/tgsn4EE.png
Pitón bola|https://i.imgur.com/C0eSJFK.png
Porlock|https://i.imgur.com/Z17OY6m.png
Ramora|https://i.imgur.com/4XICuh7.png
Ranita|https://i.imgur.com/tYkD93t.png
Ratón|https://i.imgur.com/RHJOBhU.png
Salamandra de fuego|https://i.imgur.com/Nna6LiO.jpg
Sapo|https://i.imgur.com/howy1Cw.png
Serpiente del maíz|https://i.imgur.com/KVMtp7e.png
Tarántula|https://i.imgur.com/o4DZndC.png
Tigre|https://i.imgur.com/spdEBD2.png
Zorro|https://i.imgur.com/hKwVyl9.png
Botas de Crecimiento|https://i.imgur.com/J3yS4yX.png
Bufanda de Gryffindor|https://i.imgur.com/geWfa2a.jpg
Bufanda de Hufflepuff|https://i.imgur.com/40TXVnF.jpg
Bufanda de Ravenclaw|https://i.imgur.com/Spe8IdZ.jpg
Bufanda de Slytherin|https://i.imgur.com/zr4tc8J.jpg
Corbata de Gryffindor|https://i.imgur.com/ytHhB2L.jpg
Corbata de Hufflepuff|https://i.imgur.com/x91wmCy.jpg
Corbata de Ravenclaw|https://i.imgur.com/EVeXtnk.jpg
Corbata de Slytherin|https://i.imgur.com/yBovvWH.jpg
Placa de Prefecto de Gryffindor|https://i.imgur.com/9Dq27hA.png
Placa de Prefecto de Hufflepuff|https://i.imgur.com/NR9CQfK.png
Placa de Prefecto de Ravenclaw|https://i.imgur.com/i9j8OwK.png
Placa de Prefecto de Slytherin|https://i.imgur.com/DQoTBCP.png
Sombrero de Estudiante|https://i.imgur.com/9ZWeO3c.jpg
Túnica de Gryffindor|https://i.imgur.com/7rD95uc.jpg
Túnica de Hufflepuff|https://i.imgur.com/jivfb2o.jpg
Túnica de Ravenclaw|https://i.imgur.com/X6g9xcr.jpg
Túnica de Slytherin|https://i.imgur.com/gxKjHlU.jpg
Ábaco|https://i.imgur.com/FZAPuPY.png
Ajedrez de Quidditch|https://i.imgur.com/XGyUXy6.png
Barco Vikingo|https://i.imgur.com/Z2FYTcV.png
Bludger Recorder|https://i.imgur.com/6287FLu.png
Bolso de Quidditch|https://i.imgur.com/PjQKA5P.png
Bolso expansible multi hábitat|https://i.imgur.com/IlLaGS5.png
Caja con réplica de Horrocruxes|https://i.imgur.com/NjXqcCG.png
Cubo de Rubik|https://i.imgur.com/DlKexVl.png
Cúpula de la piedra filosofal|https://i.imgur.com/vaCY6O7.png
Cúpula del héroe|https://i.imgur.com/NzfHdnu.png
Cúpula del villano|https://i.imgur.com/CaI4QCM.png
Desiluminador|https://i.imgur.com/ZWtimE6.png
Escudo vikingo de Dragón|https://i.imgur.com/rYr0uwy.png
Guía para armar tu invernadero|https://i.imgur.com/PP550jV.png
Guía para la lectura de manos|https://i.imgur.com/W3NXPOW.png
Jarra vikinga|https://i.imgur.com/sQ9XEG1.png
Joyero vikingo|https://i.imgur.com/NVCjz6I.png 
Juego de dados poliédricos|https://i.imgur.com/b6VMwVU.png
Kit completo de jardineria|https://i.imgur.com/kQCfYKo.png
Kit de mini-cohetes espaciales|https://i.imgur.com/vTcczS3.png
Kit de protecciones para magizoologos|https://i.imgur.com/UqjzMhs.png
Libro de Numerología|https://i.imgur.com/OHInXpW.png
Lluvia de meteoritos|https://i.imgur.com/LLEk4Mp.png
Medikit para criaturas de X / XX|https://i.imgur.com/xuLiCeA.png
Medikit para criaturas de XXX / XXXX|https://i.imgur.com/L9NzSKM.png
Mini-equipo de cine|https://i.imgur.com/frHl7Yw.png
Mini-estadio que reproduce partidos|https://i.imgur.com/10oLVJV.png
Mini galaxia luminosa|https://i.imgur.com/s5Ag53S.png
Mini-réplica de sauce boxeador|https://i.imgur.com/2sPEUKq.png
Mini-reproductor de las guerras mágicas|https://i.imgur.com/CXpJWcZ.png
Péndulo Mágico|https://i.imgur.com/hT7PX9P.png
Pizarra mágica|https://i.imgur.com/mFcBZr8.png
Proyector de estrellas|https://i.imgur.com/VnVK4CB.png
Pulsera vikinga Fenrir|https://i.imgur.com/LY8wyWc.png
Replica de transporte público|https://i.imgur.com/hMOjO9i.png
Reproductor de música|https://i.imgur.com/i7A62ME.png
Set de adivinación|https://i.imgur.com/tc4UumR.png
Set de alimento para criaturas|https://i.imgur.com/StOpIRq.png
Set de Cartomancia|https://i.imgur.com/Vig747R.png
Set de estrellas luminiscentes|https://i.imgur.com/ewZMYjh.png
Set de inciensos|https://i.imgur.com/hJQXmTr.png
Set de semillas|https://i.imgur.com/yLmmu3G.png
Set inicial de cinco plantas|https://i.imgur.com/b8AQqmq.png
Tocadiscos|https://i.imgur.com/23ZhHXk.png
Uniforme de Quidditch|https://i.imgur.com/BnEWB0Y.png
Barro|https://i.imgur.com/PIKwzAJ.png
Baya de muérdago|https://i.imgur.com/IETQRN1.png
Caldero grande|https://i.imgur.com/ORRDMjp.png
Cáliz de plata|https://i.imgur.com/leprIS4.png
Carbón|https://i.imgur.com/LpruoFm.png
Cazo y mortero|https://i.imgur.com/JvGua6p.png
Cordel dorado|https://i.imgur.com/dmzOO8L.png
Cuchara de plata|https://i.imgur.com/7q1gjik.png
Cuenco con Agua|https://i.imgur.com/ZW8tMoJ.png
Cuenco con Aire|https://i.imgur.com/k6JEmd3.png
Cuenco con Fuego|https://i.imgur.com/UK4ldex.png
Cuenco con Hielo|https://i.imgur.com/KQprBhE.png
Cuenco con Lava|https://i.imgur.com/7BTMcqw.png
Cuenco con Tierra|https://i.imgur.com/03Oiu2Z.png
Cuenco de plata|https://i.imgur.com/nCOyRHl.png
Cuerda gruesa|https://i.imgur.com/MmlFRmU.png
Daga de oro|https://i.imgur.com/t49xlKl.png
Figura de cartón|https://i.imgur.com/eJ8bLE3.png
Higos|https://i.imgur.com/8X1gL2W.png
Laurel|https://i.imgur.com/5NmZLiX.png
Muñeco Vudú|https://i.imgur.com/ixvqLcM.png
Parrilla de metal|https://i.imgur.com/OMIor3k.png
Pelo de demiguise|https://i.imgur.com/KmJCChM.png
Pelo de unicornio|https://i.imgur.com/dkEmGyH.png
Polvo de cuerno de unicornio|https://i.imgur.com/kYamyNZ.png
Polvo de escama de dragón|https://i.imgur.com/fWteheQ.png
Polvo de huesos|https://i.imgur.com/ajL5SJc.png
Polvo de plata|https://i.imgur.com/JDhc7Lm.png
Tapiz|https://i.imgur.com/x0GJxWV.png
Tierra del hogar del muerto|https://i.imgur.com/5hXldhZ.png
Tierra donde fue enterrada la persona|https://i.imgur.com/K8vbY7f.png
Tiza azul|https://i.imgur.com/gG0Zw5K.png
Trozo de tela verde|https://i.imgur.com/XAhwEsF.png
Vasija de arcilla|https://i.imgur.com/H3Qg8vN.png
Vasija de estaño|https://i.imgur.com/EXhct9N.png
Vasija de paja|https://i.imgur.com/2PuWXjq.png
Anillo de Auror|https://i.imgur.com/z2rJe6M.png
Credencial del Ministerio|https://i.imgur.com/yUas3jI.jpg
Placa del Ministerio|https://i.imgur.com/yGQtnRd.jpg
Uniforme de Aurores|https://i.imgur.com/XvHEoY6.png
Botas Resistentes|https://i.imgur.com/F1DFbm0.png
Capa Especial|https://i.imgur.com/kq5LiNn.png
Guantes Resistencia|https://i.imgur.com/h7d4LsH.png
Máscara de Mortífago 1|https://i.imgur.com/u7bGcio.gif
Máscara de Mortífago 2|https://i.imgur.com/EZZV81y.gif
Máscara de Mortífago 3|https://i.imgur.com/rdRkg6z.gif
Máscara de Mortífago 4|https://i.imgur.com/48vsvMq.gif
Máscara de Mortífago 5|https://i.imgur.com/k5P817s.gif
Máscara de Mortífago 6|https://i.imgur.com/OvIVV5d.gif
Máscara de Mortífago 7|https://i.imgur.com/WHGkXC9.gif
Máscara de Mortífago 8|https://i.imgur.com/MCgjGvE.gif
Máscara de Mortífago 9|https://i.imgur.com/5VvOt8y.gif
Máscara de Mortífago 10|https://i.imgur.com/SSkSAV2.gif
Agudizadora de Ingenio|https://i.imgur.com/GanNYpr.png
Alivio de Luna|https://i.imgur.com/L7l2Ich.png
Amortentia|https://i.imgur.com/yuVxqDZ.png
Antídoto contra la mordedura de Doxy|https://i.imgur.com/cJQtNbg.png
Antídoto para Venenos Comunes|https://i.imgur.com/0RRcrav.png
Antídoto para Venenos Tóxicos|https://i.imgur.com/m2sCKZf.png
Antídoto de Glumbumble|https://i.imgur.com/9RBZCeu.png
Antídoto para la invisibilidad|https://i.imgur.com/LptZlUT.png
Bezoar|https://i.imgur.com/eAgj3GA.png
Bloody Howl|https://i.imgur.com/bbTqoLl.png
Brebaje Parlanchín|https://i.imgur.com/YHbpTZb.png
Crecehuesos|https://i.imgur.com/y7svs40.png
Crecepelo|https://i.imgur.com/lcAX0qO.png
Curadora de Forúnculos|https://i.imgur.com/BNIww9i.png
Doxycida|https://i.imgur.com/ACnnCYS.png
Elíxir de Adelgazamiento|https://i.imgur.com/ATM1ppK.png
Elixir para inducir Euforia|https://i.imgur.com/qigGa6E.png
Elixir Térmico|https://i.imgur.com/KoHfhkb.png
Embellecedora|https://i.imgur.com/CQSs7AL.png
Emplasto de Polvo de Plata|https://i.imgur.com/ZWvcOnj.png
Esencia de Díctamo|https://i.imgur.com/DaWtYLH.png
Esencia de Locura|https://i.imgur.com/86aDgEA.png
Escencia de Murtlap|https://i.imgur.com/TPPuHVj.png
Felix Felicis|https://i.imgur.com/o54Rv3c.png
Fertilizante de Estiércol de Dragón|https://i.imgur.com/z7biKGy.png
Filtro de Muertos en Vida|https://i.imgur.com/HSFCLlF.png
Filtro de Paz|https://i.imgur.com/Tm4fAWN.png
Filtro de Revelación|https://i.imgur.com/9vamtXb.png
Filtro Luminiscente|https://i.imgur.com/MMR2GXO.png
Filtro Lunae Lumen|https://i.imgur.com/rYz7NgQ.png
Grasp of Death|https://i.imgur.com/tBtDedB.png
Magi Energos|https://i.imgur.com/LX7bvLT.png
Multijugos|https://i.imgur.com/1kEPEYJ.png
Pócima para Dormir|https://i.imgur.com/Z7R6IF4.png
Poción Aliento de Fuego|https://i.imgur.com/JiZi0Wh.png
Poción Anticonceptiva|https://i.imgur.com/rPHnLuw.png
Poción Calmante|https://i.imgur.com/HTMjhyQ.png
Poción de Concepción Acelerada|https://i.imgur.com/AiZ9Fi5.png
Poción de Crecimiento Acelerado|https://i.imgur.com/B0tY1Kd.png
Poción de Despertares|https://i.imgur.com/lfgDzmp.png
Poción de Erumpent|https://i.imgur.com/TzFgk4h.png
Poción de Invisibilidad|https://i.imgur.com/20u3gxv.png
Poción de la Memoria|https://i.imgur.com/ldkNgXk.png
Poción de la Risa|https://i.imgur.com/rnrljbI.png
Poción de Odio|https://i.imgur.com/j5RMXtV.png
Poción del Olvido|https://i.imgur.com/qsTMBQd.png
Poción de Rejugosidad|https://i.imgur.com/8Qn6dfz.png
Poción Desinfladora|https://i.imgur.com/XhwsIN1.png
Poción Fertilizante|https://i.imgur.com/zLD2YZn.png
Poción Herbicida|https://i.imgur.com/JE6nCfo.png
Poción Herbovitalizante|https://i.imgur.com/FiunEWk.png
Poción Lubricante|https://i.imgur.com/SLH0qfb.png
Poción Nutritiva|https://i.imgur.com/sDNXlcP.png
Poción Oculus|https://i.imgur.com/bFhVvcl.png
Poción para el Dolor de Estómago|https://i.imgur.com/c6dDa9j.png
Poción Pimentónica|https://i.imgur.com/DZvv4Az.png
Poción Protectora contra el Frío|https://i.imgur.com/MFIJhwp.png
Poción Protectora contra las Llamas|https://i.imgur.com/dx4Dh3y.png
Poción Reabastecedora de Sangre|https://i.imgur.com/MdUGLmf.png
Poción Vigorizante|https://i.imgur.com/0GtiFKh.jpg
Poción Volubilis|https://i.imgur.com/U3SIfC6.png
Poción Weedosoros|https://i.imgur.com/L4yLeG6.png
Poción Wiggenweld|https://i.imgur.com/ars6PyU.jpg
Potio Augendae Cellulae|https://i.imgur.com/xg5jIlT.png
Potio Sedatio|https://i.imgur.com/ncSDxCk.png
Potio Sine Somnia|https://i.imgur.com/0UBT4ee.png
Potio Venenum Decipit|https://i.imgur.com/wDvP7Vr.png
Pus de Bulbotubérculo|https://i.imgur.com/5ZeZ8vd.jpg
Sangre para Vampiros|https://i.imgur.com/lCJiQ7p.png
Solución Agrandadora|https://i.imgur.com/zWxv0P1.png
Solución de Celebridad|https://i.imgur.com/bIPaLqc.png
Solución Encogedora|https://i.imgur.com/nO9UMLH.png
Tenebris Prowler|https://i.imgur.com/PRT9aDS.jpg
Ungüento para Heridas|https://i.imgur.com/4NSR4J9.jpg
Ungüento para Quemaduras|https://i.imgur.com/wNAWRTp.png
Vampyris Revelio|https://i.imgur.com/O7Phydt.png
Veritaserum|https://i.imgur.com/29AFHVA.png
Zumo de Mandrágora|https://i.imgur.com/la020XU.jpg
Casa|https://i.imgur.com/w7LJ3vF.jpg
Departamento|https://i.imgur.com/pfcdgrS.jpg
Local Amplio|https://i.imgur.com/YGNqVdb.png
Local Promedio|https://i.imgur.com/v8qXAk1.png
Local Sencillo|https://i.imgur.com/NDIKhwo.png
Mansión|https://i.imgur.com/1OuVJto.gif
Bate|https://i.imgur.com/Z4243cm.png
Coderas|https://i.imgur.com/vUpZ3KU.png
Googles|https://i.imgur.com/eqdLLkr.jpg
Guantes|https://i.imgur.com/ONZ75go.png
Omniculares|https://i.imgur.com/4owd3oj.png
Perneras|https://i.imgur.com/DXuVIZ5.png
Rodilleras|https://i.imgur.com/vBcZtZs.png
Set de Mantenimiento de Quidditch|https://i.imgur.com/qsflCwm.png
Set de Pelotas|https://i.imgur.com/ABBDfEH.png
Auto Volador|https://i.imgur.com/jvG6CxX.png
Bicicleta Voladora|https://i.imgur.com/LRXzK3j.png
Carruaje|https://i.imgur.com/M3ic9ix.png
Escoba Aguila Blanca|https://i.imgur.com/W60HDrv.png
Escoba Arcoiris Estelar|https://i.imgur.com/8dz7LlW.png
Escoba Barredora 2045|https://i.imgur.com/F46MfL8.png
Escoba Canto de Sirena|https://i.imgur.com/n4pEtzF.png
Escoba DarkNight|https://i.imgur.com/qE27E5T.png
Escoba de Gryffindor|https://i.imgur.com/pKgvL8g.png
Escoba de Hufflepuff|https://i.imgur.com/gRNJhoh.png
Escoba de Ravenclaw|https://i.imgur.com/LZInVyv.png
Escoba de Slytherin|https://i.imgur.com/I7kicvq.png
Escoba Interestelar|https://i.imgur.com/aZ74iE3.png
Escoba Nimbus 2051|https://i.imgur.com/8snFc6B.png
Escoba Saeta de Fuego Ultranova|https://i.imgur.com/CxzF69W.png
Escoba Sunshine UltraDeluxe|https://i.imgur.com/QLQ5sBw.png
Moto Voladora|https://i.imgur.com/JfSxHxz.png
Bata Médica|https://i.imgur.com/jcY6hrT.png
Botiquín de Primeros Auxilios|https://i.imgur.com/KPZhHj1.png
Credencial de San Mungo|https://i.imgur.com/44dS5lF.png
Estetoscopio|https://i.imgur.com/EPrmqsF.png
Maletín Médico|https://i.imgur.com/Z4Ldya4.png
Autorización de Aparición|https://i.imgur.com/Jgas5oA.png
Autorización de Magia No Verbal|https://i.imgur.com/qZ0xKOY.png
Autorización Standard|https://i.imgur.com/Igc9yJo.png
Autorización Premium|https://i.imgur.com/v2YWQTy.png
Autorización Luxury|https://i.imgur.com/ydLKE6o.png
Alas multicolor de hada|https://i.imgur.com/VvNxS4o.png
Amuleto de Resistencia contra Quemaduras|https://i.imgur.com/a26SpMC.png
Anillo de Escamas de Dragón|https://i.imgur.com/zCsBenF.png
Arco Decorativo|https://i.imgur.com/L2fmChA.png
Branquialgas|https://i.imgur.com/xLPFQjk.png
Cáscara de Plata|https://i.imgur.com/6U9PWh3.png
Cofre de Oro|https://i.imgur.com/YXnwIIw.png
Cola de Tebo|https://i.imgur.com/EJiIQDQ.png
Colmillo de Basilisco|https://i.imgur.com/qETp9r9.png
Cuerno de Erumpent|https://i.imgur.com/68SAoYt.png
Cuerno de Troll de Río|https://i.imgur.com/1r8Ot24.png
Diente de Chupacabras|https://i.imgur.com/zW4IEnX.png
Doxy (mascota)|https://i.imgur.com/2FdxGjF.png
Ectoplasma|https://i.imgur.com/pMuVzoH.png
Escamas de Kappa|https://i.imgur.com/n0nnqOs.png
Escama de Runespoor|https://i.imgur.com/SaWLUG7.png
Fwooper (mascota)|https://i.imgur.com/t0t85y9.png
Gorro rojo|https://i.imgur.com/39caK1p.png
Grindylow Disecado|https://i.imgur.com/omq9NPq.png
Joyas egipcias|https://i.imgur.com/eIp2HCS.png
Mano de Quintaped|https://i.imgur.com/tCxDPns.png
Melena de Nundu|https://i.imgur.com/mEbUkIJ.png
Melena de Zouwu|https://i.imgur.com/In2YLQa.png
Moneda Brillante|https://i.imgur.com/9KJYHDS.png
Obscurus|https://i.imgur.com/2ZeFSlu.png
Patas de Snallygaster|https://i.imgur.com/C15U2IT.png
Pezuña de Graphorn|https://i.imgur.com/zWyk89q.png
Placa de Azkaban|https://i.imgur.com/W7ZN1H0.png
Pluma de Hipogrifo|https://i.imgur.com/46lKiNQ.png
Pluma de Thunderbird|https://i.imgur.com/S9Y6Zkq.png
Poción de Acónito|https://i.imgur.com/IhwL47t.png
Tablón de Madera|https://i.imgur.com/DsBq9Hq.png
Tentáculo de Murtlap|https://i.imgur.com/JFnxThc.png
Tentáculo de Lethifold|https://i.imgur.com/VNOa0bp.png
Veneno de Acromántula|https://i.imgur.com/piNbiAy.png
Zumo de Horklump|https://i.imgur.com/a23QzVp.png
Agua del río Lethe|https://i.imgur.com/puc4vAb.png
Corazón de dragón|https://i.imgur.com/HBmBhiA.png
Eléboro|https://i.imgur.com/YGD4pN6.png
Hierba de plata|https://i.imgur.com/kezpdOq.png
Melaza de Glumbumble|https://i.imgur.com/aXOQA4e.png
Ojo de pez globo|https://i.imgur.com/6ZAQcxG.png
Polvo de cuerno de erumpent|https://i.imgur.com/zPtDW2M.png
Sangre de Billywig|https://i.imgur.com/J6YdZGh.png
Sangre de dragón|https://i.imgur.com/Hjnx66j.png
Sangre de unicornio|https://i.imgur.com/n5M6so2.png
Semilla de fuego|https://i.imgur.com/a8g3NHa.png
Semilla lunar|https://i.imgur.com/da0fbbm.png
Trozo de cuarzo|https://i.imgur.com/tQEtqYK.png
Trozo de piedra|https://i.imgur.com/8wnmm2M.png
Veneno de acromántula|https://i.imgur.com/paf1DtH.png
Banda elástica|https://i.imgur.com/Yx6EUvK.png
Mapamundi|https://i.imgur.com/vbBUx0G.png
Mechero|https://i.imgur.com/dg27Qpl.png
Pergamino|https://i.imgur.com/BkpwXjq.png
Tela roja|https://i.imgur.com/9jInxiq.png
Tiza blanca|https://i.imgur.com/ymyC3VN.png
Antídoto para filtro de amor|https://i.imgur.com/BKfeWro.png
Antídoto para la Viruela de Dragón|https://i.imgur.com/XiFPxkl.png
Ataúd|https://i.imgur.com/VLivopW.png
Botas antigravitatorias|https://i.imgur.com/Pv3FWca.png
Cadenas de plata|https://i.imgur.com/5cpxQMz.png
Caja Mágica|https://i.imgur.com/u0uzzGs.png
Capa desilusionadora|https://i.imgur.com/27ZBjbV.png
Chaleco antibalas|https://i.imgur.com/6COlIp2.png
Colmillo de serpiente|https://i.imgur.com/kcz8E2b.png
Copa Ornamental|https://i.imgur.com/idgCgNO.png
Cubeta Mágica|https://i.imgur.com/slk6sj8.png
Cuchillo con filo dorado|https://i.imgur.com/Z2jr7Rx.png
Dragon chino en miniatura|https://i.imgur.com/bDHTsE4.png
Duendecillo de Cornualles|https://i.imgur.com/WysV903.png
Espejo de mano|https://i.imgur.com/RLUmsd7.png
Espinas de rosa|https://i.imgur.com/Plwxwub.png
Esposas mágicas|https://i.imgur.com/4M8fAPk.png
Filtro alihotsy|https://i.imgur.com/qpUU0uz.png
Flauta Mágica|https://i.imgur.com/MRu9gD9.png
Flecha con pluma de faisán|https://i.imgur.com/FCwajTv.png
Globo terráqueo|https://i.imgur.com/CURP9H7.png
Guante Desfibrilador|https://i.imgur.com/7dfq9sm.png
Guante Dieléctrico|https://i.imgur.com/btx07xY.png
Jarabe Medicinal|https://i.imgur.com/1THvban.png
Lágrima Espectral|https://i.imgur.com/b4YvlWg.png
Megáfono mágico|https://i.imgur.com/jBh7ZNb.png
Mini Jarvey|https://i.imgur.com/29R0JF4.png
Mocos de trol enfrascado|https://i.imgur.com/xbl0gTH.png
Muñeco Diabólico|https://i.imgur.com/EANJFOf.png
Orejeras|https://i.imgur.com/sMEUcaq.png
Pasamontañas|https://i.imgur.com/ohYTXte.png
Placebo de fármaco|https://i.imgur.com/pbZi9l6.png
Polvo de cuerno de unicornio|https://i.imgur.com/kYamyNZ.png
Polvo de escama de dragón|https://i.imgur.com/fWteheQ.png
Polvos Mágicos|https://i.imgur.com/vbL1mSQ.png
Pomada autoaplicable|https://i.imgur.com/F9KxgRv.png
Rompecabezas|https://i.imgur.com/6osJIXP.png
Tierra del hogar del muerto|https://i.imgur.com/5hXldhZ.png
Tierra donde fue enterrada la persona|https://i.imgur.com/K8vbY7f.png
Tinta invisible|https://i.imgur.com/5uYp5Zf.png
Traje Antiexplosivos|https://i.imgur.com/k6gP854.png
Vainas de snargaluff|https://i.imgur.com/zi6cnED.png
Varita Mugrienta|https://i.imgur.com/Net6mmz.png
Antorcha Eterna|https://i.imgur.com/qBY9NUG.png
Collar con triqueta celta|https://i.imgur.com/G1DMkYb.png
Cristal Marino|https://i.imgur.com/QErgtTo.png
Mano de la Gloria|https://i.imgur.com/7GZP5vG.jpg
Grimorio de Merlín|https://i.imgur.com/i7CnIZD.png
Orbe levitante|https://i.imgur.com/ngPlIS9.jpg
Pluma del Augurey|https://i.imgur.com/gFTKL0p.png
Runa de protección|https://i.imgur.com/fpItsQ5.png
TNT|https://i.imgur.com/kBQQ3wG.png
Brújula|https://i.imgur.com/2wC6B9p.png
Antídoto de M1W7T|https://i.imgur.com/jdG7vWB.png
Jarrón con sello mágico|https://i.imgur.com/380YgXr.png
Escamas de Hipocampo|https://i.imgur.com/THGzSSl.png
Transformación en Neblina|https://i.imgur.com/bZWS47w.png
Mandala Protectora|https://i.imgur.com/wyAtXSQ.png
Guantes mágicos|https://i.imgur.com/wtV7nyF.png
Escudo mágico|https://i.imgur.com/kpwF7pS.png
Orbe del Recuerdo|https://i.imgur.com/z9mR6Gx.png
Máscara Doctor Muerte|https://i.imgur.com/NKfAdmF.png
Traje de Bioseguridad|https://i.imgur.com/SgSnNJx.png
Vainilla de Viento|https://i.imgur.com/Qsa3rFK.png
Planta con luminiscencia|https://i.imgur.com/fTNx8hR.png
Cofre de Chakras|https://i.imgur.com/ScjzCyL.png
Esfera Miniatura Atlantis|https://i.imgur.com/3NDOZ7t.png
Medallón del Árbol Yggdrasil|https://i.imgur.com/tO4PBZk.png
Manual de Supervivencia|https://i.imgur.com/YUIHWQL.png
Reconocimiento por ayuda comunitaria|https://i.imgur.com/S1ZN54H.png
Antídoto para la Rabia|https://i.imgur.com/wuOoazX.png
Casco de Guerra|https://i.imgur.com/7FZU9YH.png
Televisión Vintage|https://i.imgur.com/RDgi1il.png
Placebo de Pinky Eyes|https://i.imgur.com/v4d56Ye.png
Cruz de plata|https://i.imgur.com/c3X5HV9.png
Libro de Misterio|https://i.imgur.com/SWq6204.png
Moneda parlante|https://i.imgur.com/k1SrClz.png
Pin Leprechaunte|https://i.imgur.com/4vWjnqT.png
Tarro mágico de St. Patrick|https://i.imgur.com/rjs0CBs.png
Accio|https://i.imgur.com/GbL29Ub.png
Aer Calidus|https://i.imgur.com/z3SrYKw.png
Alohomora|https://i.imgur.com/DVfUSTF.png
Alohomora Duo|https://i.imgur.com/QEwVUVU.png
Animagus Revelio|https://i.imgur.com/sscTC9V.jpg
Anti-Aparición|https://i.imgur.com/8AJ3HJx.png
Aparecium|https://i.imgur.com/8OesHiS.png
Appare Vestigium|https://i.imgur.com/Wqh2Anr.png
Arresto Momentum|https://i.imgur.com/0RykCAO.png
Atabraquium|https://i.imgur.com/8ND4Dr8.png
Atmosférico|https://i.imgur.com/MjmbMJG.png
Aureum Filum|https://i.imgur.com/dzmCmYd.png
Avifors|https://i.imgur.com/eAOCGPr.png
Bauleo|https://i.imgur.com/xBM25MH.png
Calvorio|https://i.imgur.com/RH06d1B.png
Cave Inimicum|https://i.imgur.com/ezq2TR2.png
Clavus|https://i.imgur.com/OlCKfCd.png
Colloportus|https://i.imgur.com/4O7w9KC.png
Colovaria|https://i.imgur.com/1WXgBBX.png
Confractus Praesidium|https://i.imgur.com/7FLgUGo.png
Contigit Eam|https://i.imgur.com/EnOyks1.png
Corporis Mutatio|https://i.imgur.com/17zI4zA.png
Criminalis in Ruinam|https://i.imgur.com/x6dDVpp.png
Crinus muto|https://i.imgur.com/wh6h9gz.png
Deletrius|https://i.imgur.com/akncI9v.png
Dementia|https://i.imgur.com/A9yDPTa.png
Desilusionador|https://i.imgur.com/fUsMo9I.png
Duro|https://i.imgur.com/bvBzVIN.png
Erectus|https://i.imgur.com/BMQ4TzT.png
Evocador|https://i.imgur.com/PLmRMnm.png
Exsugendo Poculum|https://i.imgur.com/kcjVsnD.png
Extensión Indetectable|https://i.imgur.com/tQiUB7R.png
Extracción de Memoria|https://i.imgur.com/4SvdSsN.png
Fermaportus|https://i.imgur.com/wY6Ghs4.png
Fianto duris|https://i.imgur.com/ujjVyFA.png
Fidelius|https://i.imgur.com/yCGYMeq.png
Finestra|https://i.imgur.com/UerSTLg.png
Finite Incantatem|https://i.imgur.com/2BxWQ2a.png
Flagrate|https://i.imgur.com/zO2zNSJ.png
Fregotego|https://i.imgur.com/Im4Isaq.png
Fumos|https://i.imgur.com/iQYt7Oy.png
Geminio|https://i.imgur.com/l3Pxdds.png
Hallucinatio Locorum|https://i.imgur.com/vkn51Qk.png
Herbivicus|https://i.imgur.com/hPYjCah.png
Homenum Revelio|https://i.imgur.com/l5yk8fB.png
Homorphus|https://i.imgur.com/rm2cIP2.png
Illegibilus|https://i.imgur.com/sVt1OxA.png
Impervius|https://i.imgur.com/lsU9IQx.png
Induere Dedicationis|https://i.imgur.com/f0tqOw5.png
Induere Vestem|https://i.imgur.com/4c2Jn17.png
Inpulsa Hauriendum|https://i.imgur.com/fIc6bYF.png
Juramento Inquebrantable|https://i.imgur.com/9RbByHO.png
Lacarnum inflamarae|https://i.imgur.com/ece5T6O.png
Lapifors|https://i.imgur.com/fWC4m7F.png
Lavabantur|https://i.imgur.com/J76v5nx.png
Lectio Astral|https://i.imgur.com/J06Xbx6.png
Legeremens|https://i.imgur.com/ro44qS7.png
Lingua Transfere|https://i.imgur.com/qmfG6cN.png
Locomotor|https://i.imgur.com/1vA3ct0.png
Ludit|https://i.imgur.com/vNofW3N.png
Lumos|https://i.imgur.com/szFq4DS.png
Meteolojinx Recanto|https://i.imgur.com/etdL9p0.png
Mimble Wimble|https://i.imgur.com/cnsFUXF.png
Modificador de memoria|https://i.imgur.com/ifwztr0.png
Mucus ad nauseum|https://i.imgur.com/KBxeF0g.png
Muffliato|https://i.imgur.com/ITa6lJ5.png
Mutatio|https://i.imgur.com/tJ9Odgs.png
Nox|https://i.imgur.com/YG85EyC.png
Nullo Subintro|https://i.imgur.com/DBKCGrM.png
Obliviate|https://i.imgur.com/n1NswwR.png
Oclumens|https://i.imgur.com/MJB4hwb.png
Pacto Cibum|https://i.imgur.com/ZBljR3f.png
Partis Temporus|https://i.imgur.com/TDivLrL.png
Piscifors|https://i.imgur.com/tayMzOK.png
Point Me|https://i.imgur.com/sY8ullA.png
Portus|https://i.imgur.com/Db2fY16.png
Prior Incantato|https://i.imgur.com/08WIYpy.png
Proiectarum Mentis|https://i.imgur.com/UOgJy00.png
Quietus|https://i.imgur.com/X2P4Mqr.png
Quarere Sonus|https://i.imgur.com/b5YSJXy.png
Relashio|https://i.imgur.com/OhuhNBr.png
Reparo|https://i.imgur.com/uCoLxb4.png
Repelo Animalia|https://i.imgur.com/66jsH7A.jpg
Repelo Muggletum|https://i.imgur.com/85kc6hI.png
Reperio|https://i.imgur.com/c8Wwm7A.png
Restituet cibum|https://i.imgur.com/VA6r6wB.png
Riddikulus|https://i.imgur.com/RCY2nVO.png
Salvio Hexia|https://i.imgur.com/WGh0sX5.png
Sanguis Foedus|https://i.imgur.com/DWx0vSA.png
Sanitatis Mentis|https://i.imgur.com/fJbj8Fr.png
Sartrix|https://i.imgur.com/YwNtZmT.png
Scintilla|https://i.imgur.com/abCSZSK.png
Sensus Elevatum|https://i.imgur.com/rI9OWTh.png
Silencius|https://i.imgur.com/hNqxk8U.png
Sonorus|https://i.imgur.com/locYpzg.png
Spongyfus|https://i.imgur.com/QiJylLN.png
Tempus|https://i.imgur.com/WpAnV0L.png
Tergeo|https://i.imgur.com/5TQAAVR.png
Transire Locus|https://i.imgur.com/W6PGPFI.png
Umbrae Pulsus|https://i.imgur.com/bZO98uC.png
Veraberto|https://i.imgur.com/NteiM37.png
Vínculo Familiar|https://i.imgur.com/mpj73fb.png
Vínculo Familiar Avanzado|https://i.imgur.com/fJlGACS.jpg
Acus Acuta|https://i.imgur.com/UOVByCT.png
Anapneo|https://i.imgur.com/Iw9DZw1.png
Braquiaemendo|https://i.imgur.com/GXy7FUJ.png
Camillaris Incanto|https://i.imgur.com/1DmJdMw.jpg
Celum Praesidium|https://i.imgur.com/cHNIxNA.png
Corporalis Sanitatis|https://i.imgur.com/9HhLynb.png
Corpus Intra|https://i.imgur.com/GgofynX.png
Crocio Incantato|https://i.imgur.com/LtidxeH.jpg
Crociorus|https://i.imgur.com/jcNSSQh.jpg
Dormitatis|https://i.imgur.com/8AY8w0N.jpg
Electricae Inpulsa|https://i.imgur.com/uv3DQ6w.png
Emendo|https://i.imgur.com/CipMrzF.jpg
Ennervate|https://i.imgur.com/88lL1UC.png
Episkey|https://i.imgur.com/oz62MDE.png
Febris Imperium|https://i.imgur.com/GfdwICA.png
Ferula|https://i.imgur.com/8bL8YG0.jpg
Fractio|https://i.imgur.com/RaIuB0j.png
Hemo Dialium|https://i.imgur.com/quqbjPL.png
Kemaio|https://i.imgur.com/mDOERGO.jpg
Latidum Sonorus|https://i.imgur.com/ZbBB2G4.png
Mulamontoletus|https://i.imgur.com/DM7mxSt.jpg
Oculi Refectionem|https://i.imgur.com/2eF8Uan.jpg
Oculus|https://i.imgur.com/iubf9nm.png
Practo Incantato|https://i.imgur.com/SZXIROe.jpg
Puer Visibilis|https://i.imgur.com/VVACoCa.png
Remolotum|https://i.imgur.com/kOxtIkD.png
Reparo Psychica|https://i.imgur.com/5Xqq3vF.png
Repeciare|https://i.imgur.com/RweKtXZ.png
Revisus Arterius|https://i.imgur.com/ZNLU8Fx.png
Thermometrum|https://i.imgur.com/Olxzabe.png
Tourniquet|https://i.imgur.com/DzliQ15.png
Vulnera Sanetum|https://i.imgur.com/KrbDnqV.png
Bombarda|https://i.imgur.com/fujpM1F.png
Bombarda Máxima|https://i.imgur.com/juK7H4l.png
Cadenas Mágicas|https://i.imgur.com/U6VOwDe.png
Calidaqua|https://i.imgur.com/suOeQ6P.png
Calidum Metallum|https://i.imgur.com/9ZQiOQ4.png
Caligine strangulatus|https://i.imgur.com/0b0xzm2.png
Carnivine|https://i.imgur.com/GZ9w4GW.png
Confringo|https://i.imgur.com/Y3jlfnC.png
Confundus|https://i.imgur.com/D23MCgy.png
Depulso|https://i.imgur.com/vr0Dg2n.png
Desmaius|https://i.imgur.com/obtDoZl.png
Dracarys|https://i.imgur.com/zXF0c6Q.png
Electrica Sagitta|https://i.imgur.com/MGPaJz4.png
Expelliarmus|https://i.imgur.com/1dEe1K6.png
Expulso|https://i.imgur.com/P5n2xON.png
Fulgur Pluvia|https://i.imgur.com/LmIMUnl.png
Funem Ignis|https://i.imgur.com/3Ojzm6c.png
Furunculus|https://i.imgur.com/p6T9ve1.png
Glacies Terram|https://i.imgur.com/WV1TT3G.png
Herba in Aures|https://i.imgur.com/DQ4J8CI.png
Herbifors|https://i.imgur.com/WIkPEy2.png
Ignem Secans|https://i.imgur.com/2PBzO0x.png
Immobulus|https://i.imgur.com/OpKVW6z.png
Immutatus|https://i.imgur.com/84wGZaA.jpg
Impedimenta|https://i.imgur.com/6dWqicn.png
Incarcerous|https://i.imgur.com/8Qk58Ey.png
Incendio Duo|https://i.imgur.com/15WT5dF.png
Inflatus|https://i.imgur.com/rD7Xih4.png
Levicorpus|https://i.imgur.com/9oTO09d.png
Magnam Symphoniam|https://i.imgur.com/tH8zGhg.png
Melavis|https://i.imgur.com/ySH6SYN.png
Mocomurciélagos|https://i.imgur.com/cOOp0Fy.png
Oppugno|https://i.imgur.com/DGF63yy.png
Orchideus|https://i.imgur.com/4xSGliy.png
Ossio Dispersimus|https://i.imgur.com/vJG3TdQ.png
Palalingua|https://i.imgur.com/YgJiRJH.png
Petrificus Totalum|https://i.imgur.com/HBshR23.png
Piertotum Locomotor|https://i.imgur.com/U96BwgG.png
Polypus|https://i.imgur.com/FggnPdt.png
Radicatus|https://i.imgur.com/avsVHO3.png
Rictumsempra|https://i.imgur.com/E9PIA2G.png
Robora|https://i.imgur.com/srJ2bAj.png
Rosae Diaboli|https://i.imgur.com/qFAspiJ.png
Rugiet|https://i.imgur.com/nzVzQ3a.png
Scintillam Suffusio|https://i.imgur.com/vtHLc2R.png
Sciogliersi|https://i.imgur.com/M6X3Xbf.png
Sentire Frigus|https://i.imgur.com/kCLFgkd.png
Serpensortia|https://i.imgur.com/yoPUXCl.png
Spharea Bombarda|https://i.imgur.com/ERjtGX9.jpg
Spherical electricae|https://i.imgur.com/PbaRTNp.png
Steleus|https://i.imgur.com/mVIVuLy.png
Syrtes|https://i.imgur.com/ESiGIl0.png
Terramotus|https://i.imgur.com/O7cQIIH.png
Tragababosas|https://i.imgur.com/pNDRi7r.png
Verecundia Mementum|https://i.imgur.com/1TfpWY1.png
Vestigia Umbrae|https://i.imgur.com/wGQU1so.png
Vi Inpulsa|https://i.imgur.com/8iALk4a.png
Anisoptera Praesidium|https://i.imgur.com/WVBNMiE.png
Aracne Praesidium|https://i.imgur.com/SKsuAWf.png
Canticum Eihwaz|https://i.imgur.com/zIp3PQj.png
Casco Burbuja|https://i.imgur.com/4uFQ6N9.png
Clypeus Cosmicus|https://i.imgur.com/QVcfaqW.png
Cogitationis|https://i.imgur.com/k69doks.png
Corali Obice|https://i.imgur.com/FFvfKew.png
Demeter Praesidium|https://i.imgur.com/pgYUaNP.png
Emancipare|https://i.imgur.com/94JHMJ9.png
Expecto Patronum|https://i.imgur.com/z57Psmm.png
Flora Praesidium|https://i.imgur.com/JKowniT.png
Flumen Florum|https://i.imgur.com/fPuMYJq.png
Foggeo|https://i.imgur.com/GoABpZY.png
Galaxia Explosio|https://i.imgur.com/2aXcsot.png
Hephaestus Praesidium|https://i.imgur.com/hHtv6Gu.png
Hidrocorpus|https://i.imgur.com/B6qJLUD.png
Liberacorpus|https://i.imgur.com/pZOzJ1G.png
Lotos Germen|https://i.imgur.com/lvSSNJ2.png
Luminum Defensio|https://i.imgur.com/QSLV3VS.png
Luto Obice|https://i.imgur.com/MYfCiBu.png
Marvel Scale|https://i.imgur.com/c8pjPVA.jpg
Metallum Scutum|https://i.imgur.com/6nl823W.png
Mjolnir Scutum|https://i.imgur.com/f0Q14jt.png
Molliare|https://i.imgur.com/b96XcB0.png
Murus Latrunculorum|https://i.imgur.com/TKBCFQK.png
Neptune Praesidium|https://i.imgur.com/fXQTgQI.png
Petra Scutum|https://i.imgur.com/062Os8K.png
Pharaonis Praesidium|https://i.imgur.com/syCUnAL.png
Phoenix Praesidium|https://i.imgur.com/x2pSE7i.png
Protego|https://i.imgur.com/c6yQL0p.png
Regiumbra|https://i.imgur.com/LINFe7t.png
Scutum Ferro|https://i.imgur.com/VaVhje6.png
Spharea Defensus|https://i.imgur.com/S7IdRjw.png
Unguibus Crepitus|https://i.imgur.com/pbuHp8l.png
Aegis Ingrata|https://i.imgur.com/p8Hoc48.png
Aguamenti|https://i.imgur.com/KbKbLYs.png
Alarte ascendare|https://i.imgur.com/5UGBUly.png
Angelus Praesidium|https://i.imgur.com/7DKKxiO.png
Animatum Lignum|https://i.imgur.com/z5hPa9S.png
Aphrodite Praesidium|https://i.imgur.com/yDvsUfO.png
Apolo Praesidium|https://i.imgur.com/GWCLeFJ.png
Aqua Eructo|https://i.imgur.com/wkcHpPY.png
Aqua Eructo Duo|https://i.imgur.com/sXrKYaJ.png
Aquavolatem|https://i.imgur.com/Zxw8EBl.png
Ascendio|https://i.imgur.com/3GOevhP.png
Avis|https://i.imgur.com/WRHCokD.png
Cactos Spinae|https://i.imgur.com/BEuQaLo.png
Cantis|https://i.imgur.com/mnXSlxh.png
Carpe Retractum|https://i.imgur.com/dZAVKic.png
Cyclone|https://i.imgur.com/6S3wUS8.png
Defodio|https://i.imgur.com/QTow67V.png
Diabolus Lasso|https://i.imgur.com/vq2qt4O.png
Diffindo|https://i.imgur.com/cePG6hP.png
Ebublio|https://i.imgur.com/eOf9JCc.png
Ecto Cantatio|https://i.imgur.com/OnXy3mu.png
Engorgio|https://i.imgur.com/L5TGFre.png
Evanesco|https://i.imgur.com/kSipNQ8.png
Exumai|https://i.imgur.com/QQdgQLH.png
Flipendo|https://i.imgur.com/Ck1vBEI.png
Frigidus Ventus|https://i.imgur.com/XBk9hG1.png
Gelata Praesidium|https://i.imgur.com/8orlboI.png
Glacies Iaculat|https://i.imgur.com/D2RJeAe.jpg
Glacius|https://i.imgur.com/q6e5RqZ.png
Hechizo Durmiente|https://i.imgur.com/aB2gcWV.png
Incendio|https://i.imgur.com/3scpTZs.png
Lapis Golem|https://i.imgur.com/RvwWspT.png
Locomotor Mortis|https://i.imgur.com/woqoLlt.png
Lumos Solem|https://i.imgur.com/wjnCTtK.png
Melofors|https://i.imgur.com/ZP76QPG.png
Meteoro Balteus|https://i.imgur.com/s6OHDWD.png
Murcego|https://i.imgur.com/IPOsGpG.png
Nebula Aureo|https://i.imgur.com/jai4EI4.png
Pyrius iecit|https://i.imgur.com/ETbxGnn.png
Reducto|https://i.imgur.com/jQThKha.png
Scandere Snargaluff|https://i.imgur.com/oqLcZTj.png
Scorpius Impetum|https://i.imgur.com/8nVNheZ.png
Sepulcrum Aureum|https://i.imgur.com/KI5ZfNA.png
Snitch Iecit|https://i.imgur.com/EMZPnPT.png
Spharea Ignis|https://i.imgur.com/zaNLdJ8.png
Sphinx Praesidium|https://i.imgur.com/mwvh0rv.png
Stella Rumpitur|https://i.imgur.com/zjXFOfk.png
Suffocante|https://i.imgur.com/ksr6vXr.png
Tarantallegra|https://i.imgur.com/f8RAjxa.png
Terribilis Vortex|https://i.imgur.com/KpynwwX.png
Ventus|https://i.imgur.com/kUQZMuG.png
Wingardium Leviosa|https://i.imgur.com/ALiTYZY.png
Actoreparo|https://i.imgur.com/xhlr9B9.png
Anima Invenire|https://i.imgur.com/53WQNxJ.png
Bornex|https://i.imgur.com/InuyDg3.png
Expero|https://i.imgur.com/he1dkLL.png
Horrocrux Invenire|https://i.imgur.com/ahDdc72.png
Portus Periculi|https://i.imgur.com/LIqPQfQ.png
Cesarus|https://i.imgur.com/0JTgs1u.jpg
Cyclone Maximus|https://i.imgur.com/Lxbs5ck.jpg
Estrellatus|https://i.imgur.com/Qc0fbv5.jpg
Expecto Patronum Maximus|https://i.imgur.com/kmI2f7Q.png
Fuego Maldito|https://i.imgur.com/OthqZdS.png
Inhalbis|https://i.imgur.com/SRZ91d5.jpg
Infierno|https://i.imgur.com/9mkO9nU.png
Mimempha +3|https://i.imgur.com/eqVHV4h.png
Morphos|https://i.imgur.com/xs8wDqk.png
Praxis Sole|https://i.imgur.com/6Bp1BCH.jpg
Santus Solem|https://i.imgur.com/krMOGDi.jpg
Ulmof Sampril|https://i.imgur.com/Z7tV93i.png
Aurea Esttelum|https://i.imgur.com/wtfLcqf.png
Corpus Hictari|https://i.imgur.com/kGMYn2o.jpg
Druidic Chorus|https://i.imgur.com/gnbEZ40.png
Exhane|https://i.imgur.com/GIRY8QT.png
Findlocked|https://i.imgur.com/s53I9oh.jpg
Nebulae Catenis +3|https://i.imgur.com/fw8BdfU.png
Pactus Temporate|https://i.imgur.com/jhqCu3D.jpg
Protego Totallum +3|https://i.imgur.com/MU7wVXq.jpg
Retornux|https://i.imgur.com/8r7DNcT.jpg
Ubis Nebulus|https://i.imgur.com/Om8HuxC.png
Everte Statum|https://i.imgur.com/QeVWWW9.jpg
Chrono Exsecutio +3|https://i.imgur.com/9NQ6KSR.png
Multitudo Lapsorum|https://i.imgur.com/NbPxggh.png
Restex +3|https://i.imgur.com/mXhJ1N8.png
Auris Spiritus|https://i.imgur.com/0G41IIB.png
Hechizo Fuego Púrpura|https://i.imgur.com/4zbiJgc.jpg
Horrocrux|https://i.imgur.com/vLctrFY.jpg
Kaidan|https://i.imgur.com/3FkRmSM.jpg
Marca|https://i.imgur.com/XuUcncv.jpg
Obliteración Totallum|https://i.imgur.com/w6sQYwP.jpg
Omen Mortis|https://i.imgur.com/bHQ1Fkc.jpg
Absorvere|https://i.imgur.com/Zeo0IEb.jpg
Filipendo|https://i.imgur.com/nP238J6.jpg
Fuego Maldito|https://i.imgur.com/Jqp8czC.png
Fuego Negro|https://i.imgur.com/y2zSRAs.jpg
Gubraith|https://i.imgur.com/4l2HXLN.png
Hechizo Expulsaentrañas|https://i.imgur.com/cAWmggt.jpg
Mortis|https://i.imgur.com/DAj0AfE.jpg
Nova Cristalis|https://i.imgur.com/XyxEmaw.png
Presa Metalum|https://i.imgur.com/JTrw7ON.jpg
Sectumsempra|https://i.imgur.com/gbWnD0e.jpg
Seccionatus +3|https://i.imgur.com/EHYY5np.png
Anular|https://i.imgur.com/ayslSHU.jpg
Celerus|https://i.imgur.com/88fNJZb.jpg
Detrius|https://i.imgur.com/5Qhrk0D.jpg
Expecto Protego|https://i.imgur.com/5SsoIEG.jpg
Exspiravit stratum|https://i.imgur.com/W5CdlTG.png
Findlocked|https://i.imgur.com/i6CrBjI.png
Fortificum +3|https://i.imgur.com/utmYgnf.jpg
Moenia Crystalis +3|https://i.imgur.com/V0s9tDc.png
Nox Stella|https://i.imgur.com/CCF7dcT.png
Senedesecador|https://i.imgur.com/b2puOSx.jpg
Tabu|https://i.imgur.com/T1WpPVD.jpg
Chrono Exsecutio +3|https://i.imgur.com/L3RBKBy.png
Inferi +3|https://i.imgur.com/4nf3Ilq.jpg
Moriseo Anima|https://i.imgur.com/lvbbnMf.jpg
Multitudo Lapsorum|https://i.imgur.com/oeASZrE.png
Avada Kedavra|https://i.imgur.com/J0GLSfk.jpg
Crucio|https://i.imgur.com/4OXIGoy.jpg
Imperio|https://i.imgur.com/UHGFbGw.jpg
Nigromancia|https://i.imgur.com/eUZPdZf.png
Transformación en Neblina (Neutrales)|https://i.imgur.com/bZWS47w.png
Transformación en Neblina (Aurores)|https://i.imgur.com/a0SsGTB.png
Transformación en Neblina (Mortifagos)|https://i.imgur.com/W7TwAhN.png
Animagia|https://i.imgur.com/VeB6zvS.jpg
Aparición|https://i.imgur.com/k1nfpji.png
Magia No Verbal|https://i.imgur.com/aNJPKn3.png
Proyección Astral|https://i.imgur.com/r2vtarM.png
Telekinesis|https://i.imgur.com/mwQXUOV.png
Aullido|https://i.imgur.com/PsjPjYF.png
Colmillos Filosos|https://i.imgur.com/fwagAYx.png
Fuerza Superior a la Humana|https://i.imgur.com/kVpWYCE.png
Garras Afiladas|https://i.imgur.com/nGHG6HJ.png
Intimidación|https://i.imgur.com/evN1030.png
Mordida de Veneno|https://i.imgur.com/L5ZUkwJ.png
Agilidad y Flexibilidad|https://i.imgur.com/eVopZgK.png
Resistencia física|https://i.imgur.com/TkArf3V.png
Resistencia a la Magia|https://i.imgur.com/DAPk9Ij.png
Velocidad|https://i.imgur.com/KIDL8Jj.png
Pelaje de Púas|https://i.imgur.com/e40KcUC.png
Proyección de Fenrir|https://i.imgur.com/M4ZhE4E.png
Comunicación Telepática|https://i.imgur.com/xPAgI3E.png
Concentración|https://i.imgur.com/mP6yet0.png
Conexión con el Lobo|https://i.imgur.com/fUabTlj.png
Control Térmico|https://i.imgur.com/UbsJHzz.png
Empatía canina|https://i.imgur.com/EcwA5Q5.png
Factor de Incrementación|https://i.imgur.com/cp7Xknc.png
Impregnación|https://i.imgur.com/3UnbKMx.png
Interpretación Canina|https://i.imgur.com/BfiMSco.png
Llamado de Raza|https://i.imgur.com/wHctudD.png
Localización|https://i.imgur.com/8cd3iOY.png
Mordida de Transformación|https://i.imgur.com/Uxx3hi8.png
Saliva Curativa|https://i.imgur.com/xxcpXzw.png
Sanación Acelerada|https://i.imgur.com/Qi0fcVm.png
Sentidos Aumentados|https://i.imgur.com/by7d7Cu.png
Visión Nocturna|https://i.imgur.com/hpozlKZ.png
Bramido|https://i.imgur.com/DkS0Qn5.png
Choque Poderoso|https://i.imgur.com/MzCuaMM.png
Fuerza Superior a la Humana|https://i.imgur.com/kVpWYCE.png
Intimidación|https://i.imgur.com/evN1030.png
Lanza de Tierra|https://i.imgur.com/jLio5F1.png
Pisotón|https://i.imgur.com/12hKSH4.png
Ignífugo|https://i.imgur.com/bqtB4D0.png
Pararrayos|https://i.imgur.com/uwy9e7h.png
Resistencia Física|https://i.imgur.com/miwpvIP.png
Resistencia a la Magia|https://i.imgur.com/DAPk9Ij.png
Salto Absoluto|https://i.imgur.com/MEOIXB7.png
Ventisca de Arena|https://i.imgur.com/au6SIwl.png
Afinidad con la Naturaleza|https://i.imgur.com/AIHgRqj.png
Berserker|https://i.imgur.com/rGrIWRA.png
Camuflaje|https://i.imgur.com/XVmycRd.png
Concentración|https://i.imgur.com/mP6yet0.png
Control térmico|https://i.imgur.com/UbsJHzz.png
Domesticación|https://i.imgur.com/w5nSBxy.png
Florecimiento|https://i.imgur.com/SBINhxa.png
Infestación Animal|https://i.imgur.com/sGBZUys.png
Inmunidad a la Seducción|https://i.imgur.com/VcX9V9b.png
Lenguaje de Gigante|https://i.imgur.com/hjKJyQm.png
Localización|https://i.imgur.com/8cd3iOY.png
Proyección De Voz|https://i.imgur.com/t4PWHUr.png
Putrefacción|https://i.imgur.com/iOw3wlV.png
Resistencia a las Toxinas|https://i.imgur.com/uPwLPXX.png
Sanación Acelerada|https://i.imgur.com/Qi0fcVm.png
Sentidos Aumentados|https://i.imgur.com/by7d7Cu.png
Tamaño Aumentado|https://i.imgur.com/XF2hdr4.png
Aliento gélido|https://i.imgur.com/14UyfCA.png
Duplicación|https://i.imgur.com/3yZ2zQA.png
Elemental de agua|https://i.imgur.com/kYBUtDS.png
Garras Afiladas|https://i.imgur.com/nGHG6HJ.png
Tridente de agua|https://i.imgur.com/By8OIJQ.jpg
Agilidad y flexibilidad|https://i.imgur.com/eVopZgK.png
Armadura de Agua|https://i.imgur.com/laxt1bL.png
Velocidad|https://i.imgur.com/KIDL8Jj.png
Coraza|https://i.imgur.com/5TNLcep.jpg
Control molecular|https://i.imgur.com/iLJcDgC.jpg
Manipulación del agua|https://i.imgur.com/LFiAj5m.jpg
Bioluminiscencia|https://i.imgur.com/a8TJRiW.png
Camuflaje|https://i.imgur.com/XVmycRd.png
Canto seductor|https://i.imgur.com/Y0caFtf.jpg
Domesticación|https://i.imgur.com/w5nSBxy.png
Eco-localización|https://i.imgur.com/1r4aeX2.png
Elegancia Suprema|https://i.imgur.com/ezOzjVk.png
Mimetización del aroma|https://i.imgur.com/tt6r7FC.png
Percepción acuatica|https://i.imgur.com/LTTi2mC.jpg
Sanación acelerada|https://i.imgur.com/Qi0fcVm.png
Sentidos aumentados|https://i.imgur.com/by7d7Cu.png
Sirenio|https://i.imgur.com/n9Q7osy.jpg
Stuprum|https://i.imgur.com/Dh4YMx2.jpg
Transformación|https://i.imgur.com/AV9uhqb.jpg
Comunicación marina|https://i.imgur.com/kZ8zFco.jpg
Concentración|https://i.imgur.com/mP6yet0.png
Toque de seducción|https://i.imgur.com/t7UNteL.jpg
Transformación animal|https://i.imgur.com/XK6T32k.jpg
Ataque Sónico|https://i.imgur.com/TvMudZW.png
Confusión|https://i.imgur.com/OVCfHY7.png
Criokinesis|https://i.imgur.com/C8zBHp3.png
Dolor Mental|https://i.imgur.com/irI6p6P.png
Fuerza Superior a la Humana|https://i.imgur.com/kVpWYCE.png
Garras Afiladas|https://i.imgur.com/nGHG6HJ.png
Niebla de desconcierto|https://i.imgur.com/jChSF5y.png
Obtenebración|https://i.imgur.com/SqalnEM.png
Agilidad y Flexibilidad|https://i.imgur.com/eVopZgK.png
Fortaleza|https://i.imgur.com/Vu81NT8.png
Forma de Niebla|https://i.imgur.com/8Frkeeu.png
Velocidad|https://i.imgur.com/KIDL8Jj.png
Alteraciòn de la Melanina|https://i.imgur.com/5BDlVdI.png
Bloqueo Mental|https://i.imgur.com/VVyuUfw.png
Concentración|https://i.imgur.com/mP6yet0.png
Eco-localización|https://i.imgur.com/1r4aeX2.png
Hemokinesis|https://i.imgur.com/y9rJuOY.png
Imitación Vocal|https://i.imgur.com/ajcq4mF.png
Mordida de Transformación|https://i.imgur.com/Uxx3hi8.png
Percepción del Aura|https://i.imgur.com/EOqJKb5.png
Rastreo|https://i.imgur.com/IOOJWv2.png
Sanación Acelerada|https://i.imgur.com/Qi0fcVm.png
Seducción|https://i.imgur.com/oAZtX8q.png
Sentidos Aumentados|https://i.imgur.com/by7d7Cu.png
Transformación Animal|https://i.imgur.com/opyQAQI.png
Ver los Recuerdos|https://i.imgur.com/K24Qyet.png
Vinculación|https://i.imgur.com/DTupDsO.png
Visión Compartida|https://i.imgur.com/4xJWYVY.png
Bolas de Fuego|https://i.imgur.com/Wg2ay0e.png
Canto Aturdidor|https://i.imgur.com/xsMOW8A.png
Garras Afiladas|https://i.imgur.com/nGHG6HJ.png
Grito de Banshee|https://i.imgur.com/Ws8x1tL.png
Liberación de Feromonas|https://i.imgur.com/ZtC5bBe.png
Mordida de Veneno|https://i.imgur.com/L5ZUkwJ.png
Electrokinesis|https://i.imgur.com/28fFHXR.png
Plumas Navaja|https://i.imgur.com/F1GKNUk.png
Agilidad y Flexibilidad|https://i.imgur.com/eVopZgK.png
Burbuja de Aire|https://i.imgur.com/BFMHJ5T.png
Pararrayos|https://i.imgur.com/uwy9e7h.png
Velocidad|https://i.imgur.com/KIDL8Jj.png
Atmosférico|https://i.imgur.com/MjmbMJG.png
Allure|https://i.imgur.com/3mXU6pe.png
Camuflaje|https://i.imgur.com/XVmycRd.png
Telepatía|https://i.imgur.com/k9ZEJQa.png
Concentración|https://i.imgur.com/mP6yet0.png
Control Animal|https://i.imgur.com/k89cC1I.png
Control Emocional|https://i.imgur.com/Twea4VD.png
Curación|https://i.imgur.com/crj89Ue.png
Elegancia Suprema|https://i.imgur.com/ezOzjVk.png
Mimetización del aroma|https://i.imgur.com/tt6r7FC.png
Plumaje|https://i.imgur.com/YeMeNZw.png
Sanación Acelerada|https://i.imgur.com/Qi0fcVm.png
Sentidos Aumentados|https://i.imgur.com/by7d7Cu.png
Transformación Animal|https://i.imgur.com/opyQAQI.png
Transformación en Arpía|https://i.imgur.com/eBcKN9x.png
Visión Nocturna|https://i.imgur.com/hpozlKZ.png
Agilidad y Flexibilidad|https://i.imgur.com/eVopZgK.png
Copias señuelo|https://i.imgur.com/tom0SRn.png
Levitación|https://i.imgur.com/kqPvVJK.png
Velocidad|https://i.imgur.com/KIDL8Jj.png
Concentración|https://i.imgur.com/mP6yet0.png
Control capilar|https://i.imgur.com/dPutC1d.png
Longevidad|https://i.imgur.com/jKkj0LD.png
Memoria Fotográfica|https://i.imgur.com/uipOypO.png
Sanación Acelerada|https://i.imgur.com/Qi0fcVm.png
Sentidos Aumentados|https://i.imgur.com/by7d7Cu.png
Sexto Sentido|https://i.imgur.com/hCAgrbw.png
Telekinesis|https://i.imgur.com/mwQXUOV.png
Proyección Astral|https://i.imgur.com/r2vtarM.png
Dragon&#34;s Bong|https://i.imgur.com/oYWyZCu.png
Goomba&#34;s Bombas|https://i.imgur.com/sQFmWhK.png
Kit de recreación mágica|https://i.imgur.com/KU0p4MM.png
Libro Petaca|https://i.imgur.com/cEvoktM.png
Longbottom Leaf|https://i.imgur.com/Oe12YbD.png
Lucy&#34;s Sky of Diamonds|https://i.imgur.com/3Fz4kpT.png
Moonlight Dew|https://i.imgur.com/HU9M9u7.png
Pills from Ibiza|https://i.imgur.com/HpMbZuK.png
Starman&#34;s brownies|https://i.imgur.com/htnqh7g.png
The Fool&#34;s Soda|https://i.imgur.com/jnkhw8s.png
Vape|https://i.imgur.com/bsIcG2I.png
Whinky Chocolate|https://i.imgur.com/vE6hNHh.png
Anabelle|https://i.imgur.com/ZOoWDr3.png
Armario Evanescente|https://i.imgur.com/rJGYati.png
Cabeza de Medusa|https://i.imgur.com/nQzLdAL.png
Caja de cigarros adulterados|https://i.imgur.com/wL17AUl.png
Caja de pandora|https://i.imgur.com/Ez0e10B.png
Calavera|https://i.imgur.com/YZqbaCB.png
Carnero negro|https://i.imgur.com/WbtREzt.png
Collar de ópalo|https://i.imgur.com/2XatWVn.png
Criatura en formol|https://i.imgur.com/ItML8W6.png
Doncella de hierro|https://i.imgur.com/2TywsfR.png
Espejo mágico|https://i.imgur.com/GInkJGK.png
Gallo de pelea|https://i.imgur.com/palIgQu.png
Gárgola infernal|https://i.imgur.com/Vb00xqR.png
Grimorio tenebroso|https://i.imgur.com/EPPT87r.png
Jaula gigante|https://i.imgur.com/LF67r67.png
Murciélago|https://i.imgur.com/Q90X44G.png
Polvos alucinógenos|https://i.imgur.com/poNXrYp.png
Sangre de unicornio|https://i.imgur.com/n5M6so2.png
Sombrero vudú|https://i.imgur.com/4V2omyO.png
Vela negra|https://i.imgur.com/k9ycKCK.png
Anillo de campeón Plata|https://i.imgur.com/A1VQu2f.png
Anillón de Campeón Oro|https://i.imgur.com/J4wtUCz.png
Bananlaric|https://i.imgur.com/5kCfH1x.png
Black Luxury|https://i.imgur.com/qjyScZt.png
Caja de fichas de Poker|https://i.imgur.com/5eyBIpI.png
Calambre Caramel|https://i.imgur.com/FZqm66I.png
Cartas Nox Edición Limitada|https://i.imgur.com/5qV2jI2.png
Ficha Aurum Nox|https://i.imgur.com/E0vE8wi.png
Legión S|https://i.imgur.com/P31nWrN.png
Magic Mack|https://i.imgur.com/jSLDRkH.png
Pin Lucky Player|https://i.imgur.com/Lw42HMm.png
Poncheferon|https://i.imgur.com/FcJ6qf5.png
Putin Dildo Abrahmsen|https://i.imgur.com/t9iGaVm.png
Ruleta de Chupitos|https://i.imgur.com/py0gqKb.png
Terminator Beyonce|https://i.imgur.com/0miMvcI.png
Tommy Mercury|https://i.imgur.com/PAZggO1.png
Vaselina Rob|https://i.imgur.com/SZhud6R.png
Abanico de ventisca|https://i.imgur.com/deKLBgj.png
Anillo Alucinógeno|https://i.imgur.com/KjASKMf.png
Anillo de cambio de ánimo|https://i.imgur.com/N0QUFY5.png
Anillo de envenenamiento|https://i.imgur.com/5aClWjR.png
Anillo de lobo|https://i.imgur.com/w8IlOsj.png
Anillo de oro de la juventud|https://i.imgur.com/PziwgAy.png
Anillo Durmiente|https://i.imgur.com/2O8vpfI.png
Colgante de odio|https://i.imgur.com/CxJQR4H.png
Broche del terror|https://i.imgur.com/sYE9AJM.png
Esfera Iuminosa|https://i.imgur.com/K5pqAj9.png
Hombrera duplicadora|https://i.imgur.com/AAPySii.png
Máscara maldita distorsionadora|https://i.imgur.com/sNILCUW.png
Máscara maldita paralizante|https://i.imgur.com/uKGjdz1.png
Muñeco Vudú con joya incrustada|https://i.imgur.com/ABDXSPU.png
Pasador intangible|https://i.imgur.com/YEEN5JR.png
Péndulo localizador|https://i.imgur.com/Qu6LsBd.png
Piedra Jaula Mágica|https://i.imgur.com/NipYioz.png
Piedra del recuerdo|https://i.imgur.com/box3dYW.png
Piedra del conocimiento|https://i.imgur.com/CGxmswX.png
Tríada de inmovilización|https://i.imgur.com/unv0dbE.png
Operación de Rostro|https://i.imgur.com/dDdojS7.png
Pinky Eyes|https://i.imgur.com/DMQU0bG.png
Might M1W7T|https://i.imgur.com/mIhPmTa.png
Multijugos Adulterada|https://i.imgur.com/euWmLCp.png
Escape Room individual|https://i.imgur.com/sCOx6x7.png
Escape Room x 2 personas|https://i.imgur.com/KJaSSa6.png
Escape Room x 4 personas|https://i.imgur.com/VrGzpYM.png
Escape room smash x2|https://i.imgur.com/CuddcVe.png
Escape room smash x4|https://i.imgur.com/UHBqBri.png
Escape room smash x4C|https://i.imgur.com/DBW7rQO.png
Kit Estudiante|https://i.imgur.com/f6yrXmS.png
Kit vajilla básica|https://i.imgur.com/bTjY5lb.png
Kit vajilla intermedia|https://i.imgur.com/3FwFDQC.png
Kit vajilla premium|https://i.imgur.com/8gMUdw1.png
Kit gamer|https://i.imgur.com/faGTdin.png
Kit hogareño|https://i.imgur.com/WbzMydp.png
Kit antiguo|https://i.imgur.com/hLO1q1x.png
Kit Cariñito|https://i.imgur.com/pXiZunZ.png
Kit Juego de Ingenio 1|https://i.imgur.com/6Q5bF2V.png
Kit juegos de ingenio|https://i.imgur.com/hhBc6vc.png
Kit irrompible 1|https://i.imgur.com/n48RUW4.png
Kit irrompible 2|https://i.imgur.com/tsvQecC.png
Kit irrompible 3|https://i.imgur.com/fepaai6.png
Kit irrompible 4|https://i.imgur.com/JeOKYEa.png
Bufanda LSD|https://i.imgur.com/cQ8dLih.png
Choripan|https://i.imgur.com/evt8t6a.png
Gorra LSD|https://i.imgur.com/kEr1hrn.png
Hoodie LSD|https://i.imgur.com/yYFjv4d.png
Jersey Local LSD|https://i.imgur.com/9Vc9rR4.png
Jersey Visitante LSD|https://i.imgur.com/NOIxMPe.png
Membresia LSD|https://i.imgur.com/RIL32hg.png
Mochila LSD|https://i.imgur.com/2UggOYR.png
Pin LSD|https://i.imgur.com/XxDRyPh.png
Quaffle Edicion LSD|https://i.imgur.com/qjcMZwi.png
Scarlet Dragons Beer|https://i.imgur.com/BPBEOfN.png
Seven Dragon Cocktail|https://i.imgur.com/u4wD85w.png
Taza Golden Snitch|https://i.imgur.com/iTwq4Qi.png
Taza LSD|https://i.imgur.com/QtEDgWh.png
Termo LSD|https://i.imgur.com/UOMN79c.png
Ticket de Acceso|https://i.imgur.com/QBTpR51.png
Ampollas de Vidrio|https://i.imgur.com/imC4gbx.png
Balanza Vintage|https://i.imgur.com/rqVczgK.png
Botellas de Pociones|https://i.imgur.com/m6wLq40.png
Botellas góticas|https://i.imgur.com/i8fnKh4.png
Cucharas Retro Crystal|https://i.imgur.com/X7mnkNJ.png
Cuchillos de damasco|https://i.imgur.com/ykmKm1t.png
Cuenco con trinqueta|https://i.imgur.com/VPcohIr.png
Estuche de medida|https://i.imgur.com/DxwbDzX.png
Etiquetas de pociones|https://i.imgur.com/nTyFU6j.png
Frascos de especímenes|https://i.imgur.com/mrsgmF8.png
Gradilla|https://i.imgur.com/rWIIuM5.png
Jarra Medidora &amp; Cucharones|https://i.imgur.com/hFFRFNd.png
Juego de embudos y coladores|https://i.imgur.com/ispGv00.png
Kit de destilación Katsaros|https://i.imgur.com/CEgl245.png
Kit de hierbas y pergaminos|https://i.imgur.com/dwEqKho.png
Maletín Pocionista Portatil|https://i.imgur.com/Ftlz8ai.png
Mortero de mármol verde|https://i.imgur.com/medf52Z.png
Recetario|https://i.imgur.com/z4OlkgP.png
Set de pociones|https://i.imgur.com/TU9DOZ4.png
Vial colgante|https://i.imgur.com/iN8ku7B.png
Bizcocho de frutos rojos y rosas|https://i.imgur.com/EcBf1wt.png
Juego de té de porcelana|https://i.imgur.com/OFKJdVM.png
Matera con yerba mate|https://i.imgur.com/TG9J0rS.png
Milk bobba Doctor Fav|https://i.imgur.com/XxK6Wm8.png
Milk bobba Froggy fav|https://i.imgur.com/ymaMNvQ.png
Pastel de Ranita|https://i.imgur.com/0iSRwUO.png
Pie de manzana envinada|https://i.imgur.com/mNg92fc.png
Premio para licántropos|https://i.imgur.com/K1Psf0M.png
Set estrella de Chez Winnie|https://i.imgur.com/ch1tyNJ.png
Tarro de Miel|https://i.imgur.com/r5fnmTv.png
Taza de cerdito mágica|https://i.imgur.com/5j7fkKt.png
Taza de unicornio mágica|https://i.imgur.com/NlbXfN6.png
Taza de zorrito magica|https://i.imgur.com/Hoyf8fT.png
Tetera en forma de rana mágica|https://i.imgur.com/NfEkZai.png
Auriculares Dance|https://i.imgur.com/E037aTz.png
Bol de Palomitas Retro|https://i.imgur.com/ZOtNCMS.png
Calcetines Sailor Moon|https://i.imgur.com/Giu5EEX.png
Calcetines Verde Vómito de Pepinillos|https://i.imgur.com/ri5GV2w.png
Camisa 80’s|https://i.imgur.com/CrVqxwW.png
Camiseta Dancetería|https://i.imgur.com/aGvfl3v.png
Camiseta Hellfire Club|https://i.imgur.com/dnbUmrE.png
Limonada Amanecer|https://i.imgur.com/xrkyfVp.png
Megamilkshake|https://i.imgur.com/apOLuGI.png
Patines Básicos|https://i.imgur.com/dDjTGOv.png
Patines de Línea|https://i.imgur.com/mz9TnkL.png
Patines Premium|https://i.imgur.com/j5bEmi7.png
Protecciones para Patinaje|https://i.imgur.com/93NbvS2.png
Riñonera Rolling|https://i.imgur.com/MR3RfdD.png
Set de 5 Cassettes de Música|https://i.imgur.com/uFgLJxY.png
Skate Especiall Dancetería|https://i.imgur.com/tU1pnhw.png
Tarjeta Hellfire Club|https://i.imgur.com/Aea5ivY.png
Tarjeta de Fidelidad|https://i.imgur.com/VroAsfj.png
Tortitas con Sirope Gourmet|https://i.imgur.com/K9g4rNG.png
Walkman|https://i.imgur.com/OhxUrtk.png
Beer and Magic Deer|https://i.imgur.com/HB17fX4.png
Burn it Down|https://i.imgur.com/3HPnByW.png
Changes are Good|https://i.imgur.com/0nTf9TS.png
Drakane|https://i.imgur.com/18dUUsl.png
Funny Moment|https://i.imgur.com/sAUjGKF.png
G.O.A.T.|https://i.imgur.com/3bk3FPo.png
Graceland|https://i.imgur.com/WZYVQbq.png
LUX Mocktail|https://i.imgur.com/SHSfmrV.png
Mauve Love|https://i.imgur.com/87i2XC3.png
Membresia VIP|https://i.imgur.com/lZz7drX.png
Rajah’s Drink|https://i.imgur.com/AtxJgIo.png
Seventh Paradise|https://i.imgur.com/2Oml7BP.png
Sincity|https://i.imgur.com/UJ4LTDw.png
Blazer FUR|https://i.imgur.com/hWlRiyx.png
Boina FLEUR|https://i.imgur.com/l0eRb0w.png
Bolso HEART|https://i.imgur.com/pMIkFGB.png
Botines FLEUR|https://i.imgur.com/Scn7yIH.png
Chaqueta Sporty FLEUR|https://i.imgur.com/RgsdHUm.png
Chaqueta Sporty HOMME|https://i.imgur.com/N4qHq3l.png
Combo FLEUR|https://i.imgur.com/Ze6icub.png
Conjunto COUNTRY|https://i.imgur.com/ldecX4P.png
Conjunto ÉLEGANT Homme|https://i.imgur.com/Tnwy6zT.png
Falda GARDEN|https://i.imgur.com/dh4zCoz.png
Falda PIECES|https://i.imgur.com/EccDoxc.png
Gafas FLEUR|https://i.imgur.com/Euhk7SI.png
Hoodie FLEUR|https://i.imgur.com/5IWX44T.png
Pants DRAWING|https://i.imgur.com/LDvfLVd.png
Sneakers FLEUR|https://i.imgur.com/rHfVGeQ.png
Top ROSA|https://i.imgur.com/cJuPXoK.png
Vestido de novia FLEUR|https://i.imgur.com/sUxfKVx.png
Vestido LIRIO|https://i.imgur.com/82YsFSN.png
Zapatos FLEUR Homme|https://i.imgur.com/UMjO82d.png
Zapatos LIRIO|https://i.imgur.com/En8Y2ff.png
Set de libros de Adivinación|https://i.imgur.com/ATeW3HO.png
Set de libros de Aritmancia|https://i.imgur.com/fk8sIhE.png
Set de libros de Astronomía|https://i.imgur.com/RLLidKL.png
Set de libros de CCM|https://i.imgur.com/nUNm8vX.png
Set de libros de DCAO|https://i.imgur.com/F17b67Z.png
Set de libros de Encantamientos|https://i.imgur.com/WeQDEwo.png
Set de libros de EEMM|https://i.imgur.com/SCSNYv9.png
Set de libros de Herbología|https://i.imgur.com/Yq1yKVA.png
Set de libros de Historia de la Magia|https://i.imgur.com/D5ndXT8.png
Set de libros de Pociones|https://i.imgur.com/OPU4w5m.png
Set de libros de Runas Antiguas|https://i.imgur.com/z4Ytb62.png
Set de libros de Transformaciones|https://i.imgur.com/9WkzfVp.png
Set de libros de Quidditch|https://i.imgur.com/H47zzuT.png
Set de libros de Medimagia|https://i.imgur.com/iwOOHhU.png
Como viento de seda en la piel|https://i.imgur.com/PBE1btv.png
Floriografía, Encantamientos y más|https://i.imgur.com/udZjlej.png
Ciencias Ocultas|https://i.imgur.com/GNneNYq.png
Traducción Avanzada de Runas|https://i.imgur.com/U7drYxB.png
Antología sobre Maldiciones alrededor del mundo|https://i.imgur.com/n1T4svN.png
El corazón de un dragón|https://i.imgur.com/nxLUQ35.png
Bull|https://i.imgur.com/ENC6OUw.png
Columpio|https://i.imgur.com/Cxy5cHt.png
Condones Japy|https://i.imgur.com/5J5pxia.png
Dados|https://i.imgur.com/XUff9uJ.png
Diva|https://i.imgur.com/BfHCv5z.png
Giant|https://i.imgur.com/i1BcgOL.png
Kit Luxx|https://i.imgur.com/wp25jb9.png
Ropa interior Sexy|https://i.imgur.com/qxbH5vl.png
Lola|https://i.imgur.com/hzhFCvs.png
Lucas|https://i.imgur.com/NYUJVjd.png
Mambo|https://i.imgur.com/2KB6yTb.png
Maya|https://i.imgur.com/AFx4wmQ.png
PimPamPum|https://i.imgur.com/l4uqitY.png
Sao|https://i.imgur.com/7BlG5xj.png
Set 1 Átame|https://i.imgur.com/r54yrLz.png
Set 2 Muérdeme|https://i.imgur.com/JJCxobV.png
Sillón Tántrico|https://i.imgur.com/rii0fBk.png
Tango y Luke|https://i.imgur.com/IGikVQY.png
Thor y Loky|https://i.imgur.com/IxOv2Ap.png
Zamba|https://i.imgur.com/PpjNa40.png
Anillo Espacial|https://i.imgur.com/lBZbiGp.png
Cama de Estrellas|https://i.imgur.com/jbEd9ZF.png
Collar de Asteroides|https://i.imgur.com/gbVUbVS.png
Collar Lunar|https://i.imgur.com/6uPFd0g.png
Escoba Space Alligators|https://i.imgur.com/siHjuP3.png
Esfera Aural|https://i.imgur.com/isWJB2J.png
Esfera Lunar|https://i.imgur.com/aLqtuW0.png
Explorador de Galaxias|https://i.imgur.com/7mzRDki.png
Gafas de Realidad Virtual|https://i.imgur.com/xShCwty.png
Atlas de Constelaciones|https://i.imgur.com/K2dLF0N.png
Peluche Estrella|https://i.imgur.com/XwetwxS.png
Peluche Laika|https://i.imgur.com/UPQOmcy.png
Perfume Space Alien|https://i.imgur.com/m97EVBH.png
Piedras Luminosas|https://i.imgur.com/HDzSArp.png
Planetario de Muñeca|https://i.imgur.com/9vkMqLQ.png
Planetas en Miniatura|https://i.imgur.com/44HpV03.png
Planisferio|https://i.imgur.com/yDiHsLc.png
Pulsera de Horóscopo|https://i.imgur.com/fEsalIc.png
Reloj Astronómico|https://i.imgur.com/VKqu8G2.png
Traje Espacial|https://i.imgur.com/fPSvmtl.png
Bañador Mystic Momentum|https://i.imgur.com/FCIYDcH.png
Báston Mystic Momentum|https://i.imgur.com/M7MnDeI.png
Bikini Mystic Momentum|https://i.imgur.com/9LRVcLF.png
Botas Mystic Momentumr|https://i.imgur.com/P4JlEVs.png
Camiseta Mystic Momentum|https://i.imgur.com/Wrcjvn3.png
Canoa Mystic Momentuml|https://i.imgur.com/WbAcq1P.png
Cortavientos Mystic Momentum|https://i.imgur.com/IrvVkZa.png
Equipo de Buceo|https://i.imgur.com/B6mzap5.png
Equipo de Escalada|https://i.imgur.com/Y3sExBT.png
Equipo de Esqui|https://i.imgur.com/fKZE658.png
Gafas Mystic Momentum|https://i.imgur.com/nr0FKzX.png
Malla Mystic Momentum|https://i.imgur.com/G78RzSh.png
Mochila Mystic Momentum|https://i.imgur.com/aHDNq8y.png
Neopreno Mystic Momentum|https://i.imgur.com/Sl4na1w.png
Pantalón montaña Mystic Momentum|https://i.imgur.com/dedkvki.png
Pantalón Mystic Momentum|https://i.imgur.com/Zgi5CHl.png
Pelota Mystic Momentum|https://i.imgur.com/A95VwwR.png
Playeros Mystic Momentum|https://i.imgur.com/UmmBrW8.png
Raqueta Mystic Momentum|https://i.imgur.com/RNCW7xO.png
Tabla Mystic Momentum de surf|https://i.imgur.com/hV6vH71.png
Ajolote|https://i.imgur.com/vlj338W.png
Promesa drakoniana|https://i.imgur.com/S0y9hPn.png
Esencia elfica|https://i.imgur.com/m6oxaqg.png
Kit Nym&#34;s Treasure|https://i.imgur.com/eptlMD0.png
Kit Mandy|https://i.imgur.com/Ccl12Tz.png
Lady Autum|https://i.imgur.com/xiutRDK.png
Transportadora|https://i.imgur.com/zJuFFfz.png
Trimichi|https://i.imgur.com/RHULwDj.png
Cookies|https://i.imgur.com/lWn6aDC.png
Drako|https://i.imgur.com/1lpfbcO.png
Traje de gala|https://i.imgur.com/Mz8LveN.png
VIP Fairy ticket|https://i.imgur.com/qRasb2T.png
Caja de Frutos Silvestres con Chocolate|https://i.imgur.com/lHymIZ0.png
Cajita Patronus|https://i.imgur.com/w55hGWG.png
Cámara Instantánea Mágica|https://i.imgur.com/d3UZ6Hf.png
Corazón con Macarrons y Rosas|https://i.imgur.com/X3Rytjc.png
Cuadro Estelar|https://i.imgur.com/72mCVxx.png
Cúpula con Flor|https://i.imgur.com/5Azipwf.png
Diario Mágico|https://i.imgur.com/KZ1UIDo.png
Espejos Conectados|https://i.imgur.com/XS3XLvh.png
Girarecuerdo|https://i.imgur.com/qf9P0I8.png
Kit Loveself|https://i.imgur.com/tDkiAI0.png
Maletín de Arte|https://i.imgur.com/wUiWScO.png
Mantita Acogedora|https://i.imgur.com/n6AfVHH.png
Marco con foto encantada|https://i.imgur.com/B3lz6Mv.png
Peluche de Conejo|https://i.imgur.com/WjvCNJJ.png
Peluche de Dragón|https://i.imgur.com/YkbdJmf.png
Peluche de Escarbato|https://i.imgur.com/fnj9z0E.png
Peluche de Fwooper|https://i.imgur.com/gBy3LhI.png
Relicario de Corazón|https://i.imgur.com/9KJ17pL.png
Relicario de Snitch|https://i.imgur.com/jeAhdi2.png
Vela Aromática|https://i.imgur.com/IFcMUjb.png
Acónito|https://i.imgur.com/ExRFgf0.jpg
Bonsai Boxeador|https://i.imgur.com/f4g9kLk.png
Bonsai Vitalizante|https://i.imgur.com/Wnlt5Yp.png
Branquialgas|https://i.imgur.com/xLPFQjk.png
Bugambilia cambiacolor|https://i.imgur.com/wtdZlw3.png
Col masticadora china|https://i.imgur.com/F3OffuK.png
Delantal de trabajo P&amp;S|https://i.imgur.com/2VFy3mX.png
Flores voladoras|https://i.imgur.com/SS9959j.png
Geranio colmilludo|https://i.imgur.com/GXwav7G.png
Jardín colgante|https://i.imgur.com/PhKTfdf.png
Jardín eterno|https://i.imgur.com/oAw9IXi.png
Kit de Jardinería|https://i.imgur.com/DXsrKzD.png
Mandrágora|https://i.imgur.com/0OMzKKi.png
Menta|https://i.imgur.com/mnVnCZk.png
Mimbulus Mimbletonia|https://i.imgur.com/RVQsiyx.png
Moly|https://i.imgur.com/3Feykg6.png
Palmera de plumas luminosas|https://i.imgur.com/fqfkfrZ.png
Semillas|https://i.imgur.com/9s2fv24.png
Terrario|https://i.imgur.com/fM8tjzA.png
Trébol Monstruoso|https://i.imgur.com/tKkQWRp.png
Adorno para el cabello|https://i.imgur.com/bCTmbnX.png
Anillo rúnico|https://i.imgur.com/R379QVo.png
Anillo de dragón|https://i.imgur.com/rhxnvCD.png
Bolso de Hella|https://i.imgur.com/CfbXWry.png
Colgante Munnir|https://i.imgur.com/P7LfXnL.png
Frappe de Skady|https://i.imgur.com/OpAOK5m.png
Hidromiel Valhalla|https://i.imgur.com/ulvmrAj.png
Hidromiel Mortifagos|https://i.imgur.com/VFZoQ4t.png
Martillo de Thor|https://i.imgur.com/HS0SzMg.png
Mundrid Mied|https://i.imgur.com/uEKxB14.png
Peluche de cabra Baphy|https://i.imgur.com/GCLI2MA.png
Peluche de cuervo Munnin|https://i.imgur.com/B6Sw7dc.png
Peluche de gato de freya|https://i.imgur.com/bNuCld1.png
Peluche Fenrir|https://i.imgur.com/usYKMEL.png
Peluche serpiente nórdica|https://i.imgur.com/L3JSQdQ.png
Pulsera Fenrir|https://i.imgur.com/jjOD8fa.png
Roble miniatura|https://i.imgur.com/MDGFqiz.png
Vino Set pareja|https://i.imgur.com/E88Ouu9.png
VIP Bailes|https://i.imgur.com/0YurfAj.png
VIP Ragnarok|https://i.imgur.com/ORaU5ht.png
Bate Rose|https://i.imgur.com/AJtA4QF.png
Bludger Air Rose 2051|https://i.imgur.com/WFAhdpn.png
Bolso Rose|https://i.imgur.com/EBH7Beu.png
Bolso Rose Unique|https://i.imgur.com/bUw582h.png
Camiseta Black Rose|https://i.imgur.com/aruHEKw.png
Camiseta E-Rose|https://i.imgur.com/8uwjobQ.png
Camiseta Magic Rose|https://i.imgur.com/o7aiioI.png
Camiseta Rose|https://i.imgur.com/z2lFVuv.png
Camiseta White Rose|https://i.imgur.com/CmVf9KS.png
Escoba Air Rose|https://i.imgur.com/GsKccIr.png
Escoba Rose Fly 2051|https://i.imgur.com/mWbnna4.png
Escoba Rose Thunderbird|https://i.imgur.com/6RN3pmQ.png
Gorra Rose|https://i.imgur.com/Og6spIv.png
Hoodie Black Rose|https://i.imgur.com/07rEhT1.png
Hoodie Wine Rose|https://i.imgur.com/EBVm94t.png
Mochila Rose Neon Blue|https://i.imgur.com/jSqzOeI.png
Mochila Rose Pink|https://i.imgur.com/82HAs2Z.png
Protectores Rose|https://i.imgur.com/9ppUkFW.png
Quaffle Rose Scarlet 2051|https://i.imgur.com/Q31K68y.png
Snitch Air Rose 2051|https://i.imgur.com/xTE4CZB.png
Abanico bandera|https://i.imgur.com/w8Ycl0b.png
Almohadon bandera|https://i.imgur.com/o4TK2Oo.png
Anillos LGBTIQ+|https://i.imgur.com/fi5kvb6.png
Bandera Lesbica|https://i.imgur.com/bUlsujg.png
Bandera LGBTIQ+|https://i.imgur.com/RnwyJkf.png
Camiseta LGBTIQ+ friendly|https://i.imgur.com/WK14nBr.png
Chapa bandera|https://i.imgur.com/MwxLM2q.png
Coctel siempre joto|https://i.imgur.com/UKxtLva.png
Funko Freddie Mercury|https://i.imgur.com/hCtLq6X.png
Funko Ru Paul|https://i.imgur.com/W4bpDRX.png
Gay beer|https://i.imgur.com/nss8Jt6.png
Kit drag queen|https://i.imgur.com/xNdfvSJ.png
LGBTIQ+ wine|https://i.imgur.com/561gODE.png
Perfume RVT unisex|https://i.imgur.com/3SozYUc.png
Poster cuadrado LGBTIQ+|https://i.imgur.com/A9WOHHy.png
Pulsera lgbtiq+|https://i.imgur.com/d8WdCON.png
Rainbow latte|https://i.imgur.com/rJckSyV.png
Rainbow Snacks|https://i.imgur.com/YKfGRYB.png
Rosa arcoíris|https://i.imgur.com/HBDa2Vp.png
Aceite pelo de veela|https://i.imgur.com/B7q44z4.png
Ambrosía|https://i.imgur.com/TKKmcw7.png
Crema piel de sirena|https://i.imgur.com/98NfRjB.png
Kohl|https://i.imgur.com/v8IzMTO.png
Labial sangre de Kali|https://i.imgur.com/pyuQ6ba.png
Perfume Mitra|https://i.imgur.com/RKrWs9A.png
Perfume Kāma|https://i.imgur.com/yluLb5N.png
Perfume Fwooper|https://i.imgur.com/MLypLgu.png
Perfume Mantra|https://i.imgur.com/d5hGgKr.png
Sales de baño Rakshasa|https://i.imgur.com/b94PoLF.png
Shampoo alisante|https://i.imgur.com/IBBcoQZ.png
Tónico crecepelo|https://i.imgur.com/PXm57CB.png
Arreglos de flores|https://i.imgur.com/rfBvRVG.png
Bolas de cristal mágicas|https://i.imgur.com/1awREmR.png
Bombones emocionales|https://i.imgur.com/3Qk4Aum.png
Bonsais sensitivos|https://i.imgur.com/si5O3vl.png
Botellas de pensamientos|https://i.imgur.com/Kebbgeg.png
Cesta de bebé|https://i.imgur.com/Oli4BD6.png
Cesta de dulces|https://i.imgur.com/XDXwWVe.png
Frascos de felicidad|https://i.imgur.com/uqYlKI9.png
Globo de helio|https://i.imgur.com/Yac8kwB.png
Kit de esferas anti estrés|https://i.imgur.com/wuhxmy7.png
Kit de vendas|https://i.imgur.com/GxjUUR5.png
Libros parlantes|https://i.imgur.com/fOe8yl7.png
Muñecas parlantes|https://i.imgur.com/OA9Mo7p.png
Osito amoroso|https://i.imgur.com/coQaeoy.png
Pecera portable|https://i.imgur.com/kARTzvT.png
Piruletas|https://i.imgur.com/0kzcJfK.png
Pulseras de ánimo|https://i.imgur.com/1TqoUiX.png
Retrato mágico|https://i.imgur.com/obYTAaW.png
Rosa de cristal|https://i.imgur.com/W35Te6z.png
Tarjetas de buenos deseos|https://i.imgur.com/pvcJ43s.png
Bombas Fétidas|https://i.imgur.com/NGSLl8T.png
Caramelos Escupe-fuego|https://i.imgur.com/dJleGuv.png
Chocolate Rompedientes|https://i.imgur.com/fyuv0HA.png
Detonador Trampa|https://i.imgur.com/4nAaern.png
Lord Kakadura|https://i.imgur.com/iO29FgZ.png
Marca Tenebrosa Comestible|https://i.imgur.com/l3374Wb.png
Orejas Extensibles|https://i.imgur.com/WmiaMeu.png
Pergamino Insultante|https://i.imgur.com/36fclLY.png
Pluma Derrama-tinta|https://i.imgur.com/emqnKjr.png
Polvo Peruano de Oscuridad Instantánea|https://i.imgur.com/uj0deVt.png
Salvajes Magifuegos Weasley|https://i.imgur.com/YPG9Hiv.png
Sombrero Acéfalo|https://i.imgur.com/PGGQkyo.png
Sombrero Tiñe-Cabello|https://i.imgur.com/p8ABSAB.png
Surtido Saltaclases|https://i.imgur.com/22Mb7OY.png
Taza Muerde-nariz|https://i.imgur.com/hm5Zxl1.png
Tintas Invisible y Reveladora|https://i.imgur.com/dcWca5C.png
Varita Falsa|https://i.imgur.com/nBdkYAG.png
Zumo con Sabor a Vómito|https://i.imgur.com/m2zRPl5.png
Anillo Dragón|https://i.imgur.com/6ayyJIx.png
Anillos Claddagh|https://i.imgur.com/VUS3xdX.png
Brazaletes Emocionales|https://i.imgur.com/GpmmZBQ.png
Brazalete Serpiente|https://i.imgur.com/THg0YpS.png
Cajita Musical Mágica|https://i.imgur.com/etj5Z2G.png
Cofre Mágico|https://i.imgur.com/5naPU1B.png
Collar Atrapasueños|https://i.imgur.com/leqabPW.png
Collar de Aromas|https://i.imgur.com/f7X5vto.png
Dije Estelar|https://i.imgur.com/8YEAAVn.png
Relicario de Recuerdos|https://i.imgur.com/Fl4scK1.png
Reloj Universal Pulsera|https://i.imgur.com/LBJs4MM.png
Reloj Universal Escritorio|https://i.imgur.com/Pr4dmJn.png
Botella Cabernet Sauvignon 2051|https://i.imgur.com/FGz6Hxl.png
Botella Champagne 2045|https://i.imgur.com/thPZfSR.png
Botella Merlot 25 Aniversario|https://i.imgur.com/7by88mA.png
Botella Mourvèdre 2049|https://i.imgur.com/dqnaaEF.png
Botella Pinot Noir 40 Aniversario 2048|https://i.imgur.com/i6btvtK.png
Botella Pinot Noir 40 Aniversario 2050|https://i.imgur.com/blUz3b3.png
Chocolates Envinados Deluxe|https://i.imgur.com/uW6eCPF.png
Chocolates Envinados Standard|https://i.imgur.com/xygiaQw.png
Decantador de Cristal Sencillo|https://i.imgur.com/7JfbCrf.png
Gabinete para Vinos|https://i.imgur.com/xnL07V8.png
Pitcher de Cristal de Lujo|https://i.imgur.com/jepbkBs.png
Set de Accesorios Deluxe|https://i.imgur.com/p4PiH1d.png
Set de Accesorios Standard|https://i.imgur.com/oSjWXd3.png
Set de Copas de Champagne|https://i.imgur.com/b7dLRmr.png
Set de Copas de Cristal|https://i.imgur.com/Ohlpd8T.png
Set de Vasos de Cristal|https://i.imgur.com/HltA5DK.png
Set de Vinos Deluxe|https://i.imgur.com/yM843YW.png
Set de Vinos Standard|https://i.imgur.com/2XffQ6e.png
Sostenedor de Botella de Vino|https://i.imgur.com/3WBy6bp.png
Vinos Zabini Gift Box|https://i.imgur.com/7eKecNe.png
Alfombra mágica voladora|https://i.imgur.com/JNRm7FZ.png
Algodón de azúcar|https://i.imgur.com/U1bNaCJ.png
Ajedrez mágico|https://i.imgur.com/oCwKSdR.png
Barco embotellado|https://i.imgur.com/Cp75jKz.png
Carrusel|https://i.imgur.com/r7EhlGi.png
Chivatoscopio de bolsillo|https://i.imgur.com/XTN5yOF.png
Cuento inmersivo encantado|https://i.imgur.com/vW7FTC0.png
Esqueleto mayordomo|https://i.imgur.com/oW62oXu.png
Globo de gas encantado|https://i.imgur.com/LbJKjH7.png
Hipocampo|https://i.imgur.com/NUD9CMJ.png
Lámpara de aceite mágica|https://i.imgur.com/UefXXyl.png
Leprechaun|https://i.imgur.com/3zPygdV.png
Maldición embotellada|https://i.imgur.com/kSejSh8.png
Máquina adivinatoria zoltar|https://i.imgur.com/RaIV4Wg.png
Máquina de hacer palomitas|https://i.imgur.com/qRkrq51.png
Máscara tren del terror|https://i.imgur.com/zDAsy6R.png
Payaso maquiavélico|https://i.imgur.com/RO887KJ.png
Peluche parlante|https://i.imgur.com/p1h4Q1k.png
Rifle de aire|https://i.imgur.com/aamuaQN.png
Recordadora de muñeca|https://i.imgur.com/iQKmuLm.png
Híbrido|https://i.imgur.com/N83JjUY.png
Licántropo|https://i.imgur.com/tVAkrS9.png
Vampiro|https://i.imgur.com/lARyYeG.png
Veela|https://i.imgur.com/v117Jgn.png
Semigigante|https://i.imgur.com/9EHln64.png
Sirena|https://i.imgur.com/qglje82.jpg
Espiritismo|https://i.imgur.com/MsYp9be.png
Legeremancia|https://i.imgur.com/MOz7ZgR.jpg
Metamorfomagia|https://i.imgur.com/Nhq98Bt.jpg
Maledictus|https://i.imgur.com/19GA0uc.png
Obscurial|https://i.imgur.com/X32CsdF.png
Oclumancia|https://i.imgur.com/0wDKXkG.png
Parsel|https://i.imgur.com/Da2HEbn.jpg
Premonición|https://i.imgur.com/yS1mMNJ.jpg
Magia Sin Varita|https://i.imgur.com/DUNBmGq.png
Colaborador del Mes Ago &#39;24|https://i.imgur.com/KYusDBn.png
Colaborador del Mes Jul &#39;24|https://i.imgur.com/KYusDBn.png
Colaborador del Mes Jun &#39;24|https://i.imgur.com/KYusDBn.png
Colaborador del Mes May &#39;24|https://i.imgur.com/KYusDBn.png
Colaborador del Mes Abr &#39;24|https://i.imgur.com/KYusDBn.png
Colaborador del Mes Mar &#39;24|https://i.imgur.com/KYusDBn.png
Colaborador del Mes Feb &#39;24|https://i.imgur.com/KYusDBn.png
Colaborador del Mes Ene &#39;24|https://i.imgur.com/KYusDBn.png
Colaborador del Mes Dic &#39;23|https://i.imgur.com/KYusDBn.png
Colaborador del Mes Oct &#39;23|https://i.imgur.com/KYusDBn.png
Colaborador del Mes Sep &#39;23|https://i.imgur.com/KYusDBn.png
PJ del Mes Ene &#39;24|https://i.imgur.com/x09KyhU.png
PJ del Mes Feb &#39;24|https://i.imgur.com/x09KyhU.png
PJ del Mes Mar &#39;24|https://i.imgur.com/x09KyhU.png
PJ del Mes Abr &#39;24|https://i.imgur.com/x09KyhU.png
PJ del Mes May &#39;24|https://i.imgur.com/x09KyhU.png
PJ del Mes Jun &#39;24|https://i.imgur.com/x09KyhU.png
PJ del Mes Jul &#39;24|https://i.imgur.com/x09KyhU.png
PJ del Mes Ago &#39;24|https://i.imgur.com/x09KyhU.png
PJ del Mes Sept &#39;24|https://i.imgur.com/x09KyhU.png
PJ del Mes Oct &#39;24|https://i.imgur.com/x09KyhU.png
PJ del Mes Nov &#39;24|https://i.imgur.com/x09KyhU.png
PJ del Mes Dic &#39;24|https://i.imgur.com/x09KyhU.png
PJ del Mes Mar &#39;23|https://i.imgur.com/x09KyhU.png
PJ del Mes Abr &#39;23|https://i.imgur.com/x09KyhU.png
PJ del Mes Jun &#39;23|https://i.imgur.com/x09KyhU.png
PJ del Mes Ago &#39;23|https://i.imgur.com/x09KyhU.png
PJ del Mes Sept &#39;23|https://i.imgur.com/x09KyhU.png
PJ del Mes Oct &#39;23|https://i.imgur.com/x09KyhU.png
PJ del Mes Nov &#39;23|https://i.imgur.com/x09KyhU.png
PJ del Mes Dic &#39;23|https://i.imgur.com/x09KyhU.png
PJ del Mes Ene &#39;22|https://i.imgur.com/x09KyhU.png
PJ del Mes Feb &#39;22|https://i.imgur.com/x09KyhU.png
PJ del Mes Mar &#39;22|https://i.imgur.com/x09KyhU.png
PJ del Mes Ago &#39;22|https://i.imgur.com/x09KyhU.png
PJ del Mes Sept &#39;22|https://i.imgur.com/x09KyhU.png
PJ del Mes Dic &#39;22|https://i.imgur.com/x09KyhU.png
PJ del Mes Feb &#39;21|https://i.imgur.com/x09KyhU.png
PJ del Mes Jun &#39;21|https://i.imgur.com/x09KyhU.png
PJ del Mes Ago &#39;21|https://i.imgur.com/x09KyhU.png
PJ del Mes Nov &#39;21|https://i.imgur.com/x09KyhU.png
PJ del Mes Jun &#39;20|https://i.imgur.com/x09KyhU.png
PJ del Mes Dic &#39;20|https://i.imgur.com/x09KyhU.png
Award Masculino|https://i.imgur.com/svT4DuJ.png
Award Femenino|https://i.imgur.com/svT4DuJ.png
Award Pareja|https://i.imgur.com/svT4DuJ.png
Award Revelación|https://i.imgur.com/svT4DuJ.png
5 Duelos|https://i.imgur.com/wrmso48.png
10 Duelos|https://i.imgur.com/OyV2DBt.png
15 Duelos|https://i.imgur.com/KPnum5f.png
20 Duelos|https://i.imgur.com/pz9jvcc.png
25 Duelos|https://i.imgur.com/3rfi8FA.png
5 Misiones|https://i.imgur.com/gfC1ubT.png
10 Misiones|https://i.imgur.com/jVgOGfM.png
15 Misiones|https://i.imgur.com/zhCrRPe.png
20 Misiones|https://i.imgur.com/mDO4CRj.png
25 Misiones|https://i.imgur.com/yiAT96N.png
Categoría Superada|https://i.imgur.com/L6yLuqZ.png
Maté a un Dragón|https://i.imgur.com/mx90j7U.png
Domador de Dragones|https://i.imgur.com/fqxE5Sw.png
Maté a una Criatura Legendaria|https://i.imgur.com/im7b0YE.png
Héroe Legendario|https://i.imgur.com/WXvaqgV.png
Semidiós de las Criaturas|https://i.imgur.com/bg6173k.png
5 Expediciones|https://i.imgur.com/PTsPwqH.png
10 Expediciones|https://i.imgur.com/fZIYdeK.png
15 Expediciones|https://i.imgur.com/6M5Ju4R.png
20 Expediciones|https://i.imgur.com/jj7NKSW.png
25 Expediciones|https://i.imgur.com/QD0BxDw.png
5 Pociones|https://i.imgur.com/UMPItLQ.png
10 Pociones|https://i.imgur.com/hTvoyPw.png
15 Pociones|https://i.imgur.com/a0CiCkz.png
20 Pociones|https://i.imgur.com/9GeO5jm.png
25 Pociones|https://i.imgur.com/b865ybE.png
5 Nimbus|https://i.imgur.com/WqGKjoL.png
10 Nimbus|https://i.imgur.com/Rjb2biJ.png
15 Nimbus|https://i.imgur.com/Iad22Is.png
20 Nimbus|https://i.imgur.com/EymqnLL.png
25 Nimbus|https://i.imgur.com/FExFCUy.png
5 Situaciones|https://i.imgur.com/w7NLvtx.png
10 Situaciones|https://i.imgur.com/DPdLws1.png
15 Situaciones|https://i.imgur.com/0DVr68z.png
20 Situaciones|https://i.imgur.com/plN9xbp.png
25 Situaciones|https://i.imgur.com/xp2LY07.png
5 Cámaras de Creación|https://i.imgur.com/r3Awm8e.png
10 Cámaras de Creación|https://i.imgur.com/UUnDAtJ.png
15 Cámaras de Creación|https://i.imgur.com/kioDw19.png
20 Cámaras de Creación|https://i.imgur.com/i5DzMa5.png
25 Cámaras de Creación|https://i.imgur.com/FGcFvZg.png
5 Rituales|https://i.imgur.com/yceVlj4.png
10 Rituales|https://i.imgur.com/hzcaqYq.png
15 Rituales|https://i.imgur.com/B8V6X39.png
17 Rituales|https://i.imgur.com/1VXFMv8.png
Sanador Corazón de Bronce|https://i.imgur.com/xrsBLPo.png
Sanador Corazón de Plata|https://i.imgur.com/cOZupv7.png
Sanador Corazón de Oro|https://i.imgur.com/1Ftoj94.png
Dealer Principiante|https://i.imgur.com/babR36w.png
Dealer Experimentado|https://i.imgur.com/CgnS21Q.png
Traficante|https://i.imgur.com/dqdQ5nE.png
Coleccionista de cromos principiante|https://i.imgur.com/kKvf9eM.jpg
Coleccionista de cromos aficionado|https://i.imgur.com/fjI34BJ.jpg
Coleccionista de cromos experto|https://i.imgur.com/pwXVN9H.jpg
Coleccionista de cromos leyenda|https://i.imgur.com/0Kscrtw.jpg
Posteador de Bronce|https://i.imgur.com/VT4wqhy.png
Posteador de Plata|https://i.imgur.com/HC7IECJ.png
Posteador de Oro|https://i.imgur.com/O1zhsZr.png
Posteador de Diamante|https://i.imgur.com/8lI2oPT.png
Hall of Fame|https://i.imgur.com/TAE1Mdi.png
